match_id,first_to_serve,home_team_seed,away_team_seed,custom_id,winner_code,default_period_count,start_datetime,match_slug,final_result_only
11673958,,1,4,JgdbspFNb,2,3,1696094700,tirante-barrios-vera,False
11673962,,4,,pFNbsHbwc,1,3,1696176000,heide-tirante,False
11673963,,,,fTxsHbwc,1,3,1696087800,heide-jorda-sanchis,False
11673993,,,Q,axvsGQHb,2,3,1696154400,ajdukovic-roca-batalla,False
11674000,,Q,WC,QjHshlKb,2,3,1696086000,crawford-escobedo,False
11674008,,,,PzLsIXxc,1,3,1696092300,shelbayh-peniston,False
11674011,,WC,,hlKbsIXxc,2,3,1696172400,shelbayh-crawford,False
11674026,,1,,oNfsaqVb,2,3,1696088700,machac-gasquet,False
11674032,,,8,aqVbsZzdc,1,3,1696171500,draper-machac,False
11674034,,8,2,ZzdcsccJc,1,3,1696081200,van-assche-draper,False
11674074,1,8,2,JWrstOB,1,3,1696129200,kudermetova-pegula,False
11674103,1,,3,XrIsFupb,1,3,1696078500,bublik-ofner,False
11674105,1,5,WC,PqDbseDDc,1,3,1696239000,mededovic-korda,False
11674110,2,4,WC,RUbcseDDc,2,3,1696140000,mededovic-lehecka,False
11674111,2,,6,UrgsXrI,2,3,1696250400,ofner-mannarino,False
11674112,1,6,Q,UrgsjdFb,1,3,1696152600,rodionov-mannarino,False
11674113,2,,,YzrsXrI,2,3,1696161600,ofner-thiem,False
11674114,2,1,5,tXYsPqDb,2,3,1696145400,korda-griekspoor,False
11675440,2,,2,evpbsNhzb,2,3,1696221000,humbert-medvedev,False
11675443,1,8,,nTxsHRK,1,3,1696230000,jarry-zverev,False
11675444,1,1,,pvecsytkc,1,3,1696147200,alcaraz-musetti,False
11675445,1,,6,GwjsvGHb,2,3,1696251600,sinner-dimitrov,False
11675446,1,3,,Gwjsvlnc,2,3,1696159800,rune-dimitrov,False
11675447,1,1,7,YJXsytkc,1,3,1696245900,alcaraz-ruud,False
11675448,1,,7,YJXsWOrb,2,3,1696140900,etcheverry-ruud,False
11675449,2,8,,nTxsgZmb,1,3,1696089300,davidovich-fokina-zverev,False
11675450,2,,6,GKysvGHb,2,3,1696152900,sinner-nishioka,False
11686269,2,,,UuqsonL,1,3,1696221000,kalinina-saville,False
11686272,1,,,OVqsyVv,1,3,1696236600,brady-linette,False
11686275,,,13,WOAsZFjc,2,3,1696227000,noskova-ostapenko,False
11686276,2,12,,LWhsJwbb,2,3,1696239000,samsonova-kvitova,False
11686281,2,WC,,iJCsWuBb,2,3,1696227600,yuan-paolini,False
11688311,,,4,jQRbstMgd,,3,1696086000,razeghi-smith,True
11696863,2,5,8,IaJbsBbhc,2,3,1696075200,bouquier-glinka,False
11697105,2,14,,rFhsOVq,2,3,1696079100,linette-azarenka,False
11697107,1,1,WC,kOLsefnb,1,3,1696142100,sabalenka-kenin,False
11697108,1,,15,cUysiJC,1,3,1696129200,paolini-haddad-maia,False
11697110,2,,5,mBzbsJfdc,2,3,1696246200,zheng-rybakina,False
11697112,2,WC,,ZFjcspczc,2,3,1696158300,tian-noskova,False
11697113,1,12,WC,LWhsYmOb,1,3,1696165500,wang-xiy-kvitova,False
11697117,2,,,JwbbskDNb,2,3,1696134600,parks-samsonova,False
11697118,1,,,XWhswDxc,1,3,1696149900,fruhvirtova-rus,False
11697119,1,,WC,YphsGYPb,1,3,1696221000,wang-xin-zvonareva,False
11697120,1,,11,kqKsvXcb,2,3,1696226400,kasatkina-sherif,False
11697121,1,,,rwosJlt,1,3,1696215600,zhu-tsurenko,False
11697122,2,,3,jfCsIZfc,2,3,1696239600,gauff-alexandrova,False
11697123,1,8,,onLseglb,2,3,1696134600,vondrousova-kalinina,False
11697124,2,,,UuqsBXD,1,3,1696134600,siniakova-saville,False
11697126,1,,2,RhzsxpQb,2,3,1696219500,swiatek-sorribes-tormo,False
11697152,2,,5,WlKbspbod,1,3,1696081500,sonobe-sleeth,False
11697216,1,7,,hgYbsRacd,2,3,1696079700,gentzsch-stewart,False
11697223,2,Q,,hRHbsbQqc,1,3,1696090200,biolay-urrutia,False
11697237,2,,,CMOsGlIc,2,3,1696078800,ambrogi-kestelboim,False
11697262,1,Q,2,oZCsnDuc,1,3,1696086000,sierra-estable,False
11697278,2,Q,5,zGHbsgcIb,1,3,1696101300,grant-angele,False
11697304,1,3,2,jYhcspVuc,2,3,1696086900,bueno-guillen-meza,False
11697306,2,4,2,nvObsjQRb,2,3,1696091400,smith-draxl,False
11697309,2,1,4,hxIsuRuc,2,3,1696078200,janicijevic-capurro-taborda,False
11697316,2,1,WC,MCvsooTb,1,3,1696104000,kessler-townsend,False
11698042,2,4,8,EhMsOyU,2,3,1696096500,zarazua-shymanovich,False
11698055,1,1,2,auBbsJDwc,2,3,1696122000,yang-ma,False
11698354,,,,VXedsZHmd,1,3,1696118400,braund-viiala,False
11698355,,,,JMgcsvjdd,2,3,1696118400,dunn-birrell,False
11698356,,,,BWKdspnWd,1,3,1696127400,richards-bagaric,False
11698357,,,,FoldsgRHd,1,3,1696118400,elia-wilkinson,False
11698358,,,,pwIbsvwud,2,3,1696127400,babakian-omalley,False
11698359,,,,aCtbsMdud,1,3,1696118400,decruy-xiangruyi-ji,False
11698360,,,,TKUbsREEd,2,3,1696127400,jesser-bayldon,False
11698361,,,,bPGcsnHFd,1,3,1696118400,korhonen-nelson,False
11698362,,,,pdlcsiPGc,1,3,1696118400,scheers-karpinski,False
11698363,,,WC,NjvdscrXd,1,3,1696118400,weeks-callaghan,False
11698364,,,WC,uHEdsdrXd,1,3,1696118400,asquith-vickery,False
11698365,,,,dXXbsfNjc,2,3,1696131000,prescott-poulos,False
11698366,,,,MFFdsnnWd,2,3,1696118400,kose-lewindon,False
11698367,,,,FlfdsvnWd,2,3,1696127400,thorogood-marinkov,False
11698368,,,,Gamdsnwud,1,3,1696118400,spencer-yan,False
11698369,,,,mwudsHUHd,2,3,1696127400,shetty-santitto,False
11698370,,,,RUBbsGrbd,1,3,1696118400,rowing-dumitru,False
11698371,,,,ffZbsWbad,2,3,1696118400,stallworthy-fry,False
11698372,,,,lHFdserXd,1,3,1696127400,chan-meafua-uren,False
11698373,,,,fULcscpnd,2,3,1696127400,adam-gedge-howe,False
11698374,,,,DMgcsfrXd,1,3,1696127400,coetzee-oster,False
11698375,,,,fPGcsBQZc,2,3,1696118400,inoue-power,False
11698376,,,,PFFdsirXd,2,3,1696118400,pese-sato,False
11698377,,,,HaEbsgrXd,2,3,1696118400,shamim-chikaraishi,False
11698378,,,,KgndshrXd,2,3,1696118400,cetinay-kim,False
11698379,2,6,2,EPqsjgKb,2,3,1696143600,parker-safwat,False
11698395,1,Q,Q,ziAsaAD,2,3,1696156500,frech-boulter,False
11698397,2,10,Q,YhzsBKmd,2,3,1696159500,andreeva-krejcikova,False
11698398,2,Q,13,WOAsypLb,2,3,1696148400,lys-ostapenko,False
11698399,1,Q,7,bixsmvzc,2,3,1696227300,krueger-jabeur,False
11698400,2,,Q,VktsnjR,2,3,1696140900,bouzkova-putintseva,False
11698401,1,Q,9,OWqsIwu,2,3,1696221000,baindl-garcia,False
11698402,1,,Q,yVvsVwec,1,3,1696143000,stearns-brady,False
11698403,2,1,2,HfHbspWrc,1,3,1696143600,kubka-kuzmova,False
11698476,2,,7,hlucsxPDc,2,3,1696150200,gaubas-gill,False
11698477,2,3,5,AwpcsGeid,2,3,1696148400,feistel-martynov,False
11698544,2,,2,cHHbsWMHc,2,3,1696143600,milev-tabur,False
11698550,2,1,3,mDnbsrjkc,2,3,1696154100,paulson-vacherot,False
11698683,1,3,4,jBvscOLc,1,3,1696149000,privara-cid-subervi,False
11698735,2,6,7,UUDsMEOc,2,3,1696149000,bartunkova-hobgarski,False
11698749,2,,5,TeCstEBc,2,3,1696150800,ruzic-gjorcheska,False
11698757,1,Q,,oYcbsgMCb,1,3,1696154400,berberovic-guerrero-alvarez,False
11698861,1,,8,IaJbshgYb,2,3,1696163400,stewart-glinka,False
11698870,,,,FQjdsPutd,2,3,1696154400,shumsky-sinitsyn,False
11698871,,,,kBVdsZaXd,2,3,1696143600,kalenteridis-stroumpos-iliescu,False
11698872,,,,lcVcsIVPd,1,3,1696150800,ispasescu-jakupi,False
11698873,,,,XwudsrGFd,1,3,1696150800,popov-vladimirov,False
11698874,,,,czzsMkrd,2,3,1696147200,cankov-shevkedov,False
11698875,,,,XchdsECUd,2,3,1696154400,torcq-lazarov,False
11698876,,,,bKecsntXd,2,3,1696143600,panayotov-anand,False
11698877,,,,zewcsyEPd,1,3,1696143600,kirilov-aregger,False
11698878,,,,zOZbsdbGd,2,3,1696150800,valtsis-bueno-gil,False
11698879,,,,UYDdsrtGd,1,3,1696143600,marinov-kravec,False
11698880,,,,tpocsxqoc,1,3,1696143600,penev-kardzhiev,False
11698881,,,,boWdsotXd,1,3,1696154400,bonev-norrman,False
11698882,,,,dEOsofUc,2,3,1696143600,anhelov-shandarov,False
11698883,,,,bEOsabTd,1,3,1696150800,baychev-milushev,False
11698884,,,,LYkdsmtXd,1,3,1696143600,tomov-krischke,False
11698885,,1,,ugDbsvEPd,1,3,1696154400,genchev-vanta,False
11698931,,8,,oYmbshqHb,2,3,1696152600,loccisano-cortegiani,False
11698932,,WC,13,fcYbsnQMd,2,3,1696149000,secci-liucci,False
11698933,,WC,11,ExIbsLfGc,2,3,1696156200,caruso-loccisano,False
11698934,,2,WC,kxFcsNjVd,1,3,1696149000,ricci-marino,False
11698935,,,14,trwbsiQMd,2,3,1696152600,mura-loccisano,False
11698936,,WC,16,pZLbshNHc,2,3,1696152600,cossu-floris-dessi,False
11698937,,4,,ZWQsptXd,1,3,1696149000,bardocci-reitano,False
11698938,,,15,bIJbswkkd,1,3,1696149000,massacri-dellelba,False
11698939,,3,,eMUbsinpd,1,3,1696149000,dessi-di-natale,False
11698940,,6,,FLNbsNiuc,1,3,1696149000,misasi-wolfschmidt,False
11698941,,,12,ELhcsDkqd,1,3,1696152600,dhamne-strauch,False
11698942,,1,WC,GJpcsGkqc,1,3,1696149000,la-vela-bettini,False
11698943,,,10,pEAbsYEvc,1,3,1696152600,chvets-heger,False
11698944,,,9,uoysAxud,2,3,1696152600,beaven-martin,False
11698945,,5,,UnjcsqtXd,1,3,1696156200,macchione-fossati,False
11698946,,7,,VCRsubpd,1,3,1696152600,sanna-ricca,False
11698947,,,,qyZcsrtXd,1,3,1696143600,vasudeva-massetti,False
11698949,,WC,,FLGcsvHQd,2,3,1696143600,clark-bukhari,False
11698950,,,,dLmdsAGFd,2,3,1696161600,jakubowicz-varzandeh,False
11698951,,WC,WC,cMgsdzUb,1,3,1696143600,bird-uzhylovsky,False
11698952,,5,WC,VHycsvBVd,1,3,1696161600,gnjatovic-tanner,False
11698953,,,9,obpdsNVqd,2,3,1696167000,kahsay-elbasanly,False
11698954,,1,,DfPbstjac,1,3,1696143600,agostinetto-militi-ribaldi,False
11698955,,3,,fiBbszDYc,1,3,1696156200,vasilev-van-rensburg,False
11698956,,,13,fGncsFdKd,2,3,1696143600,serazhetdinov-el-feky,False
11698957,,,15,AlBcsmbGd,2,3,1696150800,nitschke-ibrahim,False
11698958,,,,LwbdstXKd,2,3,1696167000,bastiaansen-park,False
11698959,,2,,YKKbsmvvd,1,3,1696143600,kamchibekov-jones,False
11698960,,,,xkRcslXcd,1,3,1696161600,kukasian-da-silva,False
11698961,,,10,zEAbshLqc,2,3,1696143600,castelletti-kravchenko,False
11698962,,,,epJcsGrfd,2,3,1696150800,nielsen-ferrari,False
11698963,,,WC,KWecsPBed,,3,1696161600,dinev-tasenkov,False
11698964,,,,OwccslbXd,1,3,1696167000,mabrouk-tsai,False
11698965,,,12,JCdcsrzLc,2,3,1696167000,fumagalli-suresh,False
11698966,,,16,jBMsmbXd,2,3,1696143600,faizy-el-sallaly,False
11698967,,7,,ybkcsttXd,1,3,1696150800,strugach-sibille,False
11698968,,,14,fiObsZtkc,2,3,1696156200,murgett-stanke,False
11698969,,,,ntKbsLgMc,2,3,1696156200,gupta-troebinger,False
11698970,,,,hQmcsNupc,2,3,1696161600,macherla-staley,False
11698971,,,,KBdcsWQJc,2,3,1696167000,pino-taddia,False
11698972,,WC,,MArdsgFPd,2,3,1696143600,bojkovic-bilardo,False
11698973,,WC,,WoMbsLhMc,2,3,1696150800,ridout-evseev,False
11698974,,WC,,yQGcsDtdd,2,3,1696167000,mossur-lai,False
11698975,,4,,gelcsaFoc,1,3,1696156200,filar-mohanty,False
11698976,,,,wGUsgrfd,2,3,1696167000,leather-aleshchev,False
11698977,,,,PmUdsoBVd,2,3,1696167000,herman-shalev-oz,False
11698978,,8,,hhfdslcmd,1,3,1696143600,saravanan-ianin,False
11698979,,,11,OOvcsYVcd,2,3,1696156200,bidzinashvili-sada,False
11698980,,,,NKQbsUBkc,1,3,1696150800,lawrence-popyrin,False
11698984,,6,WC,PiBbsutXd,1,3,1696161600,hermann-traversi,False
11698985,,,10,VZwcsuEfd,2,3,1696161600,kotlikova-mayerova,False
11698986,,WC,15,GMrcslWed,2,3,1696150800,lazic-dimic,False
11698987,,WC,10,FwYcsaDVd,2,3,1696150800,kirbis-michalik,False
11698988,,5,,QRLbsvRtc,2,3,1696150800,junge-ilges-maslenkova,False
11698989,,3,WC,TkRsBqId,1,3,1696143600,djekic-vojcinakova,False
11698990,,7,,FMGbsQzjd,1,3,1696161600,bulat-sandberg,False
11698991,,WC,14,kLGcstlcd,2,3,1696150800,simundza-benedict,False
11698992,,WC,16,kWedsMbmd,1,3,1696143600,hesselmann-hausberger,False
11698993,,,11,qEGcsAald,2,3,1696150800,melato-odorizzi,False
11698994,,2,,XHzcsCItd,2,3,1696150800,jeran-basic,False
11698995,,,12,MbPskypd,2,3,1696150800,kremenchutskyi-panak,False
11698996,,8,WC,xKqcsQBkd,1,3,1696161600,ionescu-karadzhaeva,False
11698997,,7,,BCacskoHd,2,3,1696150800,plunger-zund,False
11698998,,,9,GawcsjEed,2,3,1696150800,premzl-malgiaritta,False
11698999,,2,WC,Ojbdscmqd,1,3,1696143600,gruber-balus,False
11699000,,WC,11,XKccskfgd,2,3,1696143600,freitag-puskar,False
11699001,,5,,xoIbsjvec,1,3,1696143600,krajcik-zahraj,False
11699002,,8,,kRHcsqldd,1,3,1696150800,podorozhnyi-kupcic,False
11699003,,3,,xBacsCjuc,1,3,1696150800,carnevalle-larwig,False
11699004,,6,,mlcdsoTfd,1,3,1696150800,fix-protic-zakelj,False
11699005,,WC,14,uKIcseWPd,2,3,1696143600,keller-semenistaja,False
11699006,,WC,13,rbpdsvutd,2,3,1696143600,mikovic-wojta,False
11699007,,,,tOmbsTibd,,3,1696150800,benesova-masic,True
11699008,,,15,kqHdsgMKd,2,3,1696150800,ksandinov-kargina,False
11699009,,WC,,QjkdswaId,1,3,1696167000,gleixner-safta,False
11699010,,,16,dXedsDugd,1,3,1696161600,sopkova-chramcova,False
11699011,,1,,FBbcsEJpd,1,3,1696143600,agwi-vatteroni,False
11699012,,,9,LXQbsakEc,2,3,1696161600,vanik-sopkova,False
11699013,,,12,ieocsbXcd,2,3,1696161600,slavikova-kovacicova,False
11699014,,4,,ZIGcsWEDd,2,3,1696143600,firman-marusinova,False
11699015,,4,,kMqcsGwYc,1,3,1696143600,lanik-dragomirov,False
11699035,,WC,9,miNdsVYTd,2,3,1696143600,vogt-mijovic,False
11699036,,,16,NCHdsrTVd,2,3,1696143600,poborilova-inisan,False
11699037,,8,,VRRbslrac,1,3,1696152600,borodulina-timm,False
11699038,,,,IUbcsBoKc,2,3,1696158000,petrova-pietras,False
11699039,,,11,GKPbsgjGd,1,3,1696143600,sarinova-breckova,False
11699040,,,13,dKbcsNUbc,1,3,1696152600,krznaric-aragosa,False
11699041,,,,ymQbsWTUd,1,3,1696143600,orlinska-voracek,False
11699042,,,10,xyfbsNCtc,2,3,1696158000,heinzova-yazawa,False
11699043,,,14,GPGcskjDd,2,3,1696143600,crimmel-nikcevic,False
11699044,,,,BfgdsEQMd,2,3,1696143600,lanisek-skrabalova,False
11699045,,,,mfocsTmEd,2,3,1696143600,wirglerova-kusy-alzugaray,False
11699046,,,,TtddsDPLd,1,3,1696143600,stella-ferrazzoli-ignjatic,False
11699047,,,15,JLhcsPBId,2,3,1696158000,trklja-barnes,False
11699048,,,,nvJbsvtXd,2,3,1696143600,bilic-alkio,False
11699049,,,WC,tcecsPJpd,1,3,1696143600,knez-munteanu,False
11699050,,,,nhfdswtXd,2,3,1696152600,bumbak-wiche,False
11699051,,,,ZKqcsqcGd,1,3,1696158000,polakovicova-vasilyeva,False
11699052,,WC,,PuncsxtXd,2,3,1696152600,kajtazi-zamberlani,False
11699053,,,12,nAVbsqmvd,2,3,1696143600,nylander-altelius-matos-sequeira-fernandes,False
11699054,,,,GxNbsrUud,1,3,1696158000,otzipka-muller,False
11699055,,,,wDDbsxqPd,2,3,1696152600,peric-bebic,False
11699056,,WC,,GHFdsNoWd,1,3,1696143600,serban-serticova,False
11699057,,WC,,xoWdsytXd,2,3,1696143600,pozzetti-langlais,False
11699058,,,,UORdsztXd,1,3,1696152600,tognoni-ngijol-carre,False
11699059,,,WC,FbJbskiId,1,3,1696143600,meneguzzo-nylander-altelius,False
11699062,,,11,ywCcsaBPc,1,3,1696161000,pawelski-blanch,False
11699063,,2,WC,BBlbsAtXd,1,3,1696155000,aunion-echargui,False
11699064,,,,kgfbsmhCb,,3,1696149000,damas-blanch,False
11699065,,4,,VBvsyVLc,1,3,1696159500,manzanera-pertusa-damm,False
11699067,,5,,iUZsIyBb,1,3,1696155000,singh-cukierman,False
11699068,,3,,MLUsdfUc,1,3,1696165500,maksymchuk-harris,False
11699069,,,12,jHUsLtib,2,3,1696149000,kaliyanda-poonacha-barroso-campos,False
11699070,,1,,kLysPCKc,1,3,1696168800,merida-aguilar-caruso,False
11699071,,,10,npIsAKTb,2,3,1696169700,echeverria-santillan,False
11699072,,,7,vQlbsNOOc,1,3,1696165500,pokorny-orlov,False
11699073,,,8,DyYsiCld,1,3,1696157100,gulin-gautier,False
11699074,,,9,RlhsRled,2,3,1696149000,butvilas-cox,False
11699083,,,,rvecsWTqd,2,3,1696251600,landaluce-maestrelli,False
11699084,,,5,XLFbsdgpc,2,3,1696247100,cazaux-brancaccio,False
11699097,2,4,Q,oZCsuRuc,1,3,1696165200,janicijevic-estable,False
11699098,1,,12,OxGcsMAMd,1,3,1696167000,vitter-ajavon,False
11699099,2,,13,kZFbsOwod,2,3,1696167600,jucha-seeman,False
11699100,1,WC,,gLXsTItd,1,3,1696159800,colne-giovannini,False
11699101,2,,16,myQbsfUVd,2,3,1696163100,gerbaud-bertimon,False
11699102,2,1,WC,LuObsOnhc,1,3,1696179300,fouilloux-reynolds,False
11699103,1,,11,EKPbshfJd,2,3,1696180200,ghazouani-durand-aerne,False
11699104,2,WC,10,YDjbsCcec,2,3,1696152600,rey-calzi,False
11699105,2,,15,PbvbsVItd,2,3,1696147200,malige-pierre,False
11699106,1,,9,fGObsBGFd,1,3,1696155000,rocci-reveniau,False
11699107,2,2,,Jbebsychd,1,3,1696174200,deflandre-bouquet,False
11699108,1,5,,LyTbsfnpd,1,3,1696169400,villard-freire-da-silva,False
11699109,2,3,WC,oyZsnZnd,1,3,1696161900,berquier-boureau,False
11699110,1,WC,14,oZndsBtXd,1,3,1696176900,grandvincent-lacides,False
11699111,2,6,,OMhdsWYDd,1,3,1696147200,wallner-vaksmann,False
11699112,1,8,,XnZcsffJd,2,3,1696147200,jarzaguet-corbinais,False
11699113,2,4,,AcmcslKnd,1,3,1696154100,merre-garcian,False
11699125,,,10,jFddsbhfd,1,3,1696147200,peiro-serrano-goldberg-alviani,False
11699126,,,13,xEXsWKcc,1,3,1696158000,brosset-thompkins,False
11699127,,1,WC,eNBcseKnd,1,3,1696147200,helguera-casado-nedelchev,False
11699128,,,11,aLPbsCqbc,2,3,1696163400,zusman-molino,False
11699129,,7,,XYLbsALUb,1,3,1696172400,rocens-cekirge,False
11699130,,2,,nfgdsrVqd,1,3,1696172400,sevilla-cesar-porras,False
11699131,,,9,cXtbsPQOb,2,3,1696152600,iamachkine-postay,False
11699132,,WC,12,nvMdsaEQd,1,3,1696172400,bieldiugin-roche-alcaya,False
11699133,,8,,RlKbsrWcd,1,3,1696163400,hodzic-minin,False
11699134,,WC,16,lvidsDtXd,2,3,1696152600,sanclemente-claver-regas-luis,False
11699135,,WC,14,YPfdsCtXd,2,3,1696172400,diego-esteban-torres-baumgartner,False
11699136,,3,,ZrNbsJNbd,1,3,1696147200,siddiqui-sheyngezikht,False
11699137,,WC,12,gYadsEtXd,2,3,1696149000,nunez-gomez-tatu,False
11699138,,,11,duuskkTb,2,3,1696158000,murgett-parres-azcoitia,False
11699139,,,15,yBhcsulod,2,3,1696158000,bartlett-garri-murcia,False
11699140,,,14,oMYcsQUid,2,3,1696158000,villanueva-morillo-lopez-martinez,False
11699141,,,10,MwQcszOId,2,3,1696149000,sawant-lipiec,False
11699142,,7,,vuDsXKXc,1,3,1696165200,lazarova-bhatia,False
11699143,,,16,cfUcsMtGd,1,3,1696152600,solar-donoso-jurna,False
11699144,,,13,GCRsUJgd,2,3,1696152600,grechkina-fedoryshyn,False
11699145,,4,,FRrbsIOid,1,3,1696152600,naharro-curras-abasolo,False
11699146,,,9,FNbbsjHqd,2,3,1696149000,patil-cervino-ruiz,False
11699147,,6,,HWqdsAAKd,1,3,1696152600,puvill-lee,False
11699148,,,15,uAHcsKArd,2,3,1696158000,martin-manzano-busoms-puig,False
11699149,,6,,AzEbsccmd,2,3,1696158000,hartig-dussin,False
11699150,,5,WC,aMFbsbePd,2,3,1696163400,gonzalez-galino-izquierdo-luque,False
11699151,,8,,IwccsbFPd,1,3,1696165200,alberto-shin,False
11699153,1,,,qYadsphfd,1,3,1696153500,hansen-ntondele-zinga,False
11699154,2,,,YircsyBAc,2,3,1696174200,battesti-willson,False
11699155,1,,,FzfbshHOb,2,3,1696177500,courcoux-benamar,False
11699156,1,,,ncmcsNpZc,2,3,1696171500,bougouffa-lollia,False
11699157,2,WC,WC,VkrdsTEDd,2,3,1696166700,borez-boulard,False
11699158,2,WC,,uZpcswRtc,2,3,1696147200,ramirez-martial,False
11699159,1,,WC,bEUbsdaHd,1,3,1696147200,dvorackova-elde,False
11699160,1,,,wGZcsXEDd,1,3,1696153500,cammilleri-mohamed,False
11699161,2,,WC,BCrdsJtWd,2,3,1696147200,ciocan-myatovic,False
11699162,1,,,xaJcsXkrd,1,3,1696167600,brun-chekanskaya,False
11699163,2,,,gpFbsLwgd,2,3,1696165200,leclercq-girard,False
11699164,2,,,MQRbshdhd,2,3,1696173900,podrez-bergen,False
11699165,1,,,Mhddsqjfd,2,3,1696159500,munk-mortensen-arifullina,False
11699166,2,WC,,iYadsZTqd,1,3,1696160700,soulie-levivier,False
11699167,2,,,zXhcsdhMc,1,3,1696159800,psonka-weckerle,False
11699168,2,,,pYadsQgfd,2,3,1696154100,thomas-iglesias-deppner,False
11699173,2,,2,jYhcsGlIc,2,3,1696165200,ambrogi-guillen-meza,False
11699185,1,8,,ZvQsCDKb,2,3,1696171500,nuudi-jokic,False
11699186,1,5,,OiicsQBpc,1,3,1696162200,falkner-mair,False
11699187,1,,13,lItsjckc,1,3,1696176300,hance-gamiz,False
11699188,1,,15,AuDbsfNYc,2,3,1696150800,veleva-hoste-ferrer,False
11699189,1,7,,llIbsPkJb,1,3,1696170900,lanca-mansouri,False
11699190,2,,9,aItskBkc,1,3,1696166700,zelnickova-kolb,False
11699191,1,3,,wmEbsNnFd,1,3,1696158300,moreira-maristany-zuleta-de-reales,False
11699192,2,,16,ieBbsixid,2,3,1696150800,giannini-portillo-ramirez,False
11699193,1,,12,UTBsRdeb,2,3,1696161600,rame-kolb,False
11699194,1,1,,MadcsQJpd,1,3,1696150800,gupta-amariei,False
11699195,1,WC,10,geqcsFtXd,2,3,1696156800,santos-oliveira-jorge,False
11699196,2,,11,FkobsXBbc,2,3,1696167000,franco-dias-seibold,False
11699197,2,6,,IZwsXuDb,1,3,1696173600,kucmova-morderger,False
11699198,2,4,,HyAsxlcd,1,3,1696161600,garcia-lazaro-garcia,False
11699199,1,2,,RDDbsaBuc,1,3,1696156500,garkusha-kanev,False
11699200,1,,14,NoAsLnHc,1,3,1696174200,costa-araujo-morderger,False
11699221,,5,,vbvbsPGOc,2,3,1696157100,mikrut-fonio,False
11699222,,WC,11,xNDbsRYpc,2,3,1696158000,araujo-sanchez-jover,False
11699223,,,,VfFbsqFqd,2,3,1696147200,holder-thalheimer,False
11699224,,,8,dyRsMjV,2,3,1696167600,handel-dalla-valle,False
11699225,,,,YuhdsXftd,1,3,1696147200,soares-liokossis,False
11699226,,6,WC,tPgscxu,1,3,1696170900,falcao-laaksonen,False
11699227,,1,WC,fvDbspcTb,1,3,1696163100,krutykh-coelho,False
11699228,,A,7,PhfbsvLLc,2,3,1696163100,rocha-vale,False
11699229,,,,yZCcszYId,1,3,1696156200,samet-almeida-junior,False
11699230,,,10,POOcsDQjd,2,3,1696154400,cardinaud-nad,False
11699231,,3,,AoIbslcYb,1,3,1696150800,thomson-squire,False
11699232,,,,PbadsTwvd,2,3,1696147200,di-pietro-ajimi,False
11699233,,,14,UmGcseypd,1,3,1696147200,elyasi-morolli,False
11699234,,,12,hyJcsiKpd,2,3,1696147200,lock-munoz,False
11699235,,4,A,CWxscHhb,1,3,1696169100,weis-domingues,False
11699236,,,10,aODsJgMb,2,3,1696150800,forti-fanselow,False
11699237,,,,cmGbsUgMc,2,3,1696147200,rae-pohjola,False
11699238,,,,nLLcslFdd,1,3,1696147200,roe-flannelly-blackbeard,False
11699239,,,,TCXbsiMKd,2,3,1696147200,mustafin-ichikawa,False
11699240,,,,HjDdsjMWd,1,3,1696147200,ganesh-haddad,False
11699241,,2,,YyqbstLLc,2,3,1696155600,faria-stodder,False
11699242,,,,mcGdsHPLd,1,3,1696147200,goerdes-beldiman,False
11699243,,,16,TlDdsTyLd,2,3,1696147200,cervenak-laborde,False
11699244,,,,teedsvxud,2,3,1696147200,volkov-lanciaprima,False
11699245,,,,YdmcsHQEc,2,3,1696147200,remander-osabuohien,False
11699246,,,11,PeZcsEdhd,2,3,1696147200,ferreira-wortsman-villoslada,False
11699247,,,,bKndsdFTd,1,3,1696147200,bruns-piana,False
11699248,,,,ACtcsQCtc,1,3,1696147200,kouni-krattiger,False
11699249,,,,UNldsHCUd,2,3,1696154400,schoen-ben-aba,False
11699250,,,WC,zypsUoLc,1,3,1696147200,tremblay-nesterov,False
11699251,,6,,vIIcsEQjd,1,3,1696147200,orlov-mora-clement,False
11699252,,,,XPfdskCld,2,3,1696147200,toman-venturini,False
11699253,,,,BJtdsFiId,1,3,1696154400,gombitova-tahiri,False
11699254,,,,VePdsGtXd,1,3,1696147200,zorn-syrtveit,False
11699255,,,,QegdsDiId,2,3,1696156200,gombitova-longueville,False
11699256,,,,qEhbsQJed,1,3,1696147200,onofrei-umeoka,False
11699257,,8,,NutdsvItd,1,3,1696147200,schipor-philibert,False
11699258,,,,QzTbsmVId,1,3,1696147200,nav-sakka,False
11699259,,,,HbadsbmQd,1,3,1696147200,chambonniere-schaer,False
11699260,,,9,MhfcskQGc,2,3,1696147200,allen-oliver-moratalla,False
11699261,,,,AtmcsNegd,2,3,1696147200,fedeli-bossi,False
11699262,,7,,zvidsqnpd,1,3,1696147200,panaras-mezouar,False
11699263,,,15,QEqdsNkvd,2,3,1696147200,larue-kalina,False
11699264,,,13,GWAbsTtOb,1,3,1696154400,ki-lung-ng-makhlouf,False
11699265,,,,RGfdspePd,2,3,1696147200,mokrov-pinto,False
11699266,,,,GdKdsOoWd,1,3,1696147200,ji-qi-pan,False
11699267,,,,HMIbsHtXd,2,3,1696154400,ferrarini-chehoudi,False
11699268,,,,dDKcsYLWd,2,3,1696147200,falster-suviste,False
11699269,,,,hfZcsVTqd,1,3,1696154400,leroux-hermassi,False
11699270,,A,12,LdwbsoKnd,2,3,1696150800,pereira-barranco-cosano,False
11699271,,WC,9,jwTsfnQb,2,3,1696163100,rocha-taberner,False
11699272,,,,aBDsunEd,1,3,1696147200,schmitt-raman,False
11699296,1,Q,,bQqcspbod,1,3,1696168500,sonobe-biolay,False
11699334,,8,,gmBslxFc,2,3,1696254900,gigante-agamenone,False
11699341,,,12,mZvsYNDc,2,3,1696159500,coulibaly-vatutin,False
11699342,,5,,rfusXUM,1,3,1696152300,hoang-lamasine,False
11699343,,,7,nXNsGTFb,2,3,1696147200,broom-wallart,False
11699344,,4,A,gLFbsLkad,1,3,1696161600,debru-schell,False
11699345,,,9,PPAbsElKb,1,3,1696154400,gobat-habib,False
11699346,,3,WC,jCVshObd,1,3,1696147200,sabas-bellier,False
11699347,,2,,dYwsKgMc,2,3,1696176000,kasnikowski-karlovskiy,False
11699348,,,8,omzsicib,2,3,1696169700,bertola-poljak,False
11699349,,WC,10,yEqsEGFd,2,3,1696182300,martin-de-schepper,False
11699350,,A,11,RoLcsMEdd,2,3,1696166400,gea-bertrand,False
11699351,,1,A,hMqsOCV,1,3,1696173300,liutarevich-vesely,False
11699352,,6,A,caEbsOKDc,1,3,1696165200,fery-galloway,False
11699361,2,Q,2,gcIbsnvOb,2,3,1696179600,draxl-grant,False
11699386,2,1,8,MCvsOyU,1,3,1696189200,zarazua-townsend,False
11699387,,1,,AousdOKc,1,3,1696165200,claverie-dutra-da-silva,False
11699388,,WC,11,oGgsJtXd,2,3,1696165200,albieri-pereira,False
11699389,,A,9,NNPbsgajc,1,3,1696165200,saraiva-dos-santos-klier-junior,False
11699390,,A,10,YcgcsAlGc,1,3,1696185600,kuzuhara-gimenez,False
11699391,,2,WC,WGncsetVd,2,3,1696171500,wendler-filho-boscardin-dias,False
11699392,,4,A,VyUsYzY,1,3,1696179000,roveri-sidney-luz,False
11699393,,3,WC,Xevcsxmwc,1,3,1696168800,bicknell-cury-bueres,False
11699394,,A,7,McpsBlB,2,3,1696175100,sakamoto-zeballos,False
11699395,,A,12,xwEsUzVb,2,3,1696179300,nusdeo-zormann,False
11699396,,5,WC,BVGbsKtXd,1,3,1696175400,ono-alves,False
11699397,,6,A,FnpsGuJb,1,3,1696185300,tosetto-mena,False
11699398,,A,8,COwsUKgd,2,3,1696181100,schiessl-leite,False
11699416,,,,ooFdsVGFd,2,3,1696181400,surdo-andrade-benedetti,False
11699417,,,,BQDcscJGc,2,3,1696172400,acosta-cano,False
11699418,,WC,,YHodsjNRd,1,3,1696172400,meneo-grandinetti,False
11699419,,,WC,FnldsaHFd,1,3,1696181400,bianciotti-kurz-cardozo,False
11699420,,,,YtbdsJPid,1,3,1696181400,eduarda-lages-sfilio,False
11699421,,7,,AOicsQmDc,1,3,1696161600,leal-alarcon,False
11699422,,,,FZysuZR,1,3,1696172400,vidal-toma,False
11699423,,WC,,FvibsCNRd,,3,1696172400,messa-derdoy,True
11699424,,,,immdsMtXd,2,3,1696181400,martinez-abbona-bia-bernardes,False
11699425,,,10,EnldsLbGd,2,3,1696161600,aguilar-cardozo-correa-beguerie,False
11699426,,,,qxqbsgAGb,2,3,1696181400,reayer-ramirez-mesina,False
11699427,,6,,Mqocsgvid,2,3,1696161600,estevez-karakachian,False
11699428,,WC,,DpBcsLtXd,1,3,1696181400,martaux-berta,False
11699429,,,15,PqocsOpJd,2,3,1696172400,dedura-palomero-cundom,False
11699430,,,,IEVsCOic,2,3,1696172400,salazar-bruna,False
11699431,,,,qKGcsfnEd,2,3,1696161600,rajput-porras-buezo,False
11699432,,WC,,dWudsKbGd,,3,1696161600,giovanniello-dadino,True
11699433,,,WC,JVDcsaIod,1,3,1696172400,mastri-estevarena,False
11699434,,,,EcecsoFbd,2,3,1696161600,greco-oliveira,False
11699435,,,14,piccsIPGc,2,3,1696161600,vilicich-riva,False
11699436,,,,GDkdsZmRd,2,3,1696161600,oberto-calleri-mariani,False
11699437,,,9,iDwcsdQDc,1,3,1696161600,mouilleron-salvo-cigarran,False
11699438,,2,,gJwbspvNb,1,3,1696181400,tenti-abde-celis,False
11699439,,,11,BQGcsXNbd,2,3,1696161600,fagotti-simonit,False
11699440,,5,,zcmdsZhnd,1,3,1696172400,ortiz-gamonal-ratti,False
11699441,,1,,cKecsDDkd,1,3,1696161600,russo-barreiros-reyes,False
11699442,,,16,kVbcsmoFd,2,3,1696172400,andreazzini-poj,False
11699443,,,,xocbsgJqb,2,3,1696172400,ciurletti-lucero,False
11699444,,WC,,qiIdszNRd,1,3,1696161600,zanuttini-oneill,False
11699445,,,,dKGcsyRjd,1,3,1696172400,oliveira-torrales-tebes,False
11699446,,,15,Ynedsmxid,2,3,1696172400,bueno-rodriguez,False
11699447,,,,dvidsloFd,2,3,1696161600,sosa-burstein,False
11699448,,,,ZGFdsfFQd,2,3,1696161600,norton-rodriguez,False
11699449,,,WC,yYmdsjoFd,1,3,1696181400,graff-floris,False
11699450,,,,dYmdsHmRd,2,3,1696181400,marquez-markus,False
11699451,,,WC,oHwcsJlvd,2,3,1696161600,fernandez-diaz,False
11699452,,,,PVLcsxDYc,1,3,1696161600,basel-hollender,False
11699453,,,,BTodsZrId,2,3,1696172400,frutos-amarilla,False
11699454,,4,,uRObsGxhd,2,3,1696161600,fernandez-falabella,False
11699455,,,,dMUbsGnld,2,3,1696161600,matulovich-bermejo,False
11699456,,WC,,rRjdspYmd,2,3,1696172400,guerrero-cereso,False
11699457,,,13,TNbdsdObd,1,3,1696172400,martinez-de-dios,False
11699458,,,,KTHdsBiId,1,3,1696172400,bibiloni-salinas,False
11699459,,3,,iCebsoAzb,2,3,1696161600,bruna-ortiz,False
11699460,,,12,niccsLoHd,2,3,1696172400,valente-gagliardo,False
11699461,,,,kNHcspoFd,2,3,1696181400,obeid-rabin,False
11699462,,,14,xJtdsLqFd,2,3,1696181400,gonzalez-daniele-moron,False
11699463,,,,zmgcsUGFd,2,3,1696172400,serrano-karlau,False
11699464,,WC,16,MbwcsLKod,1,3,1696172400,buslje-monferrer,False
11699465,,,,WGcdsImRd,2,3,1696161600,rodero-contreras-san-martin-ramirez,False
11699466,,8,,ZCwcsevid,1,3,1696172400,zeitune-hess,False
11699809,,6,WC,PvibsDRUd,1,3,1696179600,burnett-gomez,False
11699812,,A,9,hIycsTKIc,2,3,1696189200,quinn-mayo,False
11699813,,5,,FUzbsoTmd,2,3,1696179600,basavareddy-langmo,False
11699814,,,11,bXRsOQHb,1,3,1696179600,holmgren-cozbinov,False
11699815,,,8,RxAsrkHc,1,3,1696185300,moller-kwiatkowski,False
11699816,,A,7,jfNscRdb,1,3,1696191900,perez-kirchheimer,False
11699817,,2,WC,mMCsVyKc,1,3,1696196100,rivera-mansouri,False
11699818,,3,WC,VPRbsrZVb,2,3,1696185300,johns-kumar,False
11699819,,1,,aQHbseLcc,2,3,1696202700,kingsley-holt,False
11699820,,4,,NicbsURob,1,3,1696195500,zhu-ponwith,False
11699821,,,10,vEBsvHRb,1,3,1696190100,chidekh-schnur,False
11699822,,WC,12,QjHszYqd,,3,1696194000,svajda-escobedo,False
11700010,,8,,MbIbsyPDc,1,3,1696204800,nicolas-thompson,False
11700011,,5,,RvQcsbUjd,1,3,1696213800,dennehy-micic,False
11700012,,7,,exIbsmULc,1,3,1696213800,markov-mcgiffin,False
11700013,,,15,dXXbsNEEd,1,3,1696213800,sandhu-poulos,False
11700014,,,10,TKUbsjyfc,1,3,1696213800,ryan-ziegann-bayldon,False
11700015,,,10,DamdserXd,2,3,1696213800,chan-cvijanovic,False
11700016,,,14,klgcsFlfd,1,3,1696204800,marinkov-hong-lin-fu,False
11700017,,1,,BOKsJMgc,1,3,1696204800,birrell-wiersholm,False
11700018,,6,,gbZsfULc,1,3,1696213800,howe-papac,False
11700019,,,9,aCtbsOKLc,2,3,1696204800,fairclough-xiangruyi-ji,False
11700020,,,14,iPXsKgnd,2,3,1696204800,kim-osafune,False
11700021,,7,,XhKcsVXed,1,3,1696213800,viiala-crowther,False
11700022,,8,,dNDbsDMgc,1,3,1696213800,oster-delaney-je,False
11700023,,5,,qnLbsvwud,1,3,1696213800,babakian-tajima,False
11700024,,,15,BlqdspnWd,2,3,1696204800,richards-chen-yu-lu,False
11700025,,,16,CmTbsnnWd,2,3,1696204800,kose-hulme,False
11700026,,3,,RUBbsxrKb,2,3,1696204800,talic-dumitru,False
11700027,,4,,ggpcsRtXd,1,3,1696204800,kawane-lea-ma,False
11700028,,,13,jlqdsgRHd,2,3,1696213800,elia-wang,False
11700029,,6,,JBtcsLJZc,2,3,1696204800,gilheany-chilakalapudi,False
11700030,,,13,vOXcsmwud,2,3,1696213800,santitto-nayar,False
11700031,,,16,beudsnHFd,1,3,1696213800,korhonen-cui,False
11700032,,4,,pdlcsIEQc,2,3,1696204800,cook-karpinski,False
11700033,,3,,tjEsoHFd,1,3,1696213800,khan-eto,False
11700034,,,9,ZUBbsirXd,2,3,1696213800,pese-fields,False
11700035,,,11,HaEbsXBhc,2,3,1696204800,hasegawa-chikaraishi,False
11700036,,2,,bCkcswJId,1,3,1696204800,katz-krish,False
11700037,,1,,KdPsffZb,1,3,1696204800,fry-horvit,False
11700038,,2,,kvLbsNjvd,1,3,1696204800,callaghan-ferguson,False
11700039,,,12,DNBcsGamd,1,3,1696213800,yan-atturu,False
11700040,,,12,BQZcsZmld,1,3,1696204800,vuglar-inoue,False
11700041,,,11,EYGsuHEd,2,3,1696213800,vickery-bataljin,False
11700066,,,11,HhEstpoc,2,3,1696159800,kardzhiev-deari,False
11701137,,7,,uyfcsYhdd,1,3,1696244400,zelinskaya-cassani,False
11701138,,,14,KJqcsHUHd,1,3,1696237200,shetty-singh,False
11701139,,,11,ElqdsaVud,1,3,1696244400,smolenova-udina,False
11701140,,6,,tbwcswGFd,1,3,1696237200,schaedel-moccia,False
11701141,,,16,JrHbsthMb,2,3,1696244400,zheng-rachapudi,False
11701142,,5,,qvhdsvcGd,2,3,1696237200,jumazhanova-ibrahim,False
11701143,,8,,xFocsDPrd,1,3,1696244400,cembranos-lammas,False
11701144,,4,,frNsUkRc,1,3,1696228200,veldman-zueva,False
11701145,,3,,VBacsjWGc,2,3,1696228200,nikolenko-nava-elkin,False
11701146,,2,,IgndsHnHd,1,3,1696228200,martellenghi-charles,False
11701147,,,13,JLfcsCjVd,1,3,1696237200,yakovleva-medeghini,False
11701148,,,12,rEGcsONbd,2,3,1696228200,havermans-peretti,False
11701149,,,10,ciObsGcdc,2,3,1696237200,formella-yakimakho,False
11701150,,,15,UpjbsBKtd,2,3,1696228200,drozd-stuart,False
11701151,,,9,qyZcsWhId,1,3,1696237200,piskareva-massetti,False
11701152,,1,,Ptddsaxfd,1,3,1696228200,bednarz-baratto,False
11701154,,,,fEOsXwud,2,3,1696159800,vladimirov-shandarov,False
11701155,,A,,mhCbsHXhc,1,3,1696149000,lalami-laaroussi-damas,False
11701233,,,A,tOmbsjTtc,1,3,1696150800,junge-ilges-masic,False
11701265,,,16,VTtcsxqUd,2,3,1696217400,goshima-nakashima,False
11701266,,6,,ilvsZupc,1,3,1696217400,katsumi-hsieh,False
11701267,,7,,wLNbsnymd,1,3,1696206600,matsuda-uchiyama,False
11701268,,,14,oincsQOLd,2,3,1696206600,miyata-kato,False
11701269,,3,,zNXbsLKbc,1,3,1696206600,shibata-naklo,False
11701270,,2,WC,UGRbsVtXd,1,3,1696206600,tosaka-kozaki,False
11701271,,4,,AVOscZfc,1,3,1696206600,nishimoto-saigo,False
11701272,,5,,HoEdsZEMd,1,3,1696217400,tamura-nishimura,False
11701273,,,9,zupcsgTJd,2,3,1696217400,kikawada-sato,False
11701274,,WC,12,LNHcsFmFd,2,3,1696217400,tsuda-kondo,False
11701275,,1,,UUlbsTzKd,1,3,1696206600,hiroshima-lee,False
11701276,,,11,IaEbsryBc,2,3,1696206600,matsumoto-higashitani,False
11701277,,8,,FCkbsJaEb,1,3,1696217400,nagata-furuya,False
11701278,,WC,13,FadcsTtXd,2,3,1696217400,suzuki-ozeki,False
11701279,,WC,10,oqXsUtXd,2,3,1696206600,kinoshita-hosonuma,False
11701280,,WC,15,iGabsfPLd,2,3,1696217400,hirata-matsumoto,False
11701281,,A,WC,KWecsEdKd,2,3,1696161600,vidunov-tasenkov,False
11701298,,A,12,jHUsHXhc,2,3,1696237200,lalami-laaroussi-barroso-campos,False
11701327,,11,,JPHbsVAuc,2,3,1696219200,mochizuki-tseng,False
11701328,,WC,21,qjkcscOKc,2,3,1696227300,mccabe-xiao,False
11701329,,3,7,jCVsGTFb,2,3,1696235400,broom-bellier,False
11701330,,7,,ignbsnAqc,2,3,1696243500,palan-harris,False
11701331,,9,,lZrsELGb,1,3,1696238700,hsu-zekic,False
11701333,,2,,icAbsqNXb,1,3,1696230900,zakharov-kovacevic,False
11701334,,4,,pnHsDdtc,1,3,1696219200,kachmazov-polmans,False
11701335,,,18,cTqsrOG,2,3,1696219200,jasika-napolitano,False
11701336,,,14,rPgsPCt,1,3,1696219200,uchiyama-donskoy,False
11701337,,,24,urysNtpb,1,3,1696242600,sun-bolt,False
11701338,,,15,WtAsFfTb,1,3,1696244400,zhukayev-jung,False
11701339,,,13,rNusYAEb,2,3,1696228200,sinclair-li-tu,False
11701340,,3,,lUpsDRwb,1,3,1696225200,haliak-duckworth,False
11701341,,12,,CjOsEHzb,1,3,1696219200,kirkin-hong,False
11701342,,,23,BxusjMN,1,3,1696226100,lock-giustino,False
11701343,,WC,20,XqvsKnFd,2,3,1696233000,zhou-yevseyev,False
11701344,,8,,mUpsqGcb,2,3,1696236900,nagal-saville,False
11701345,,5,,qZmsEyjc,1,3,1696238700,atmane-moriya,False
11701346,,,17,EbIsGOuc,1,3,1696243500,sekulic-uchida,False
11701347,,10,,IKusWEpb,1,3,1696237200,tung-lin-wu-gerasimov,False
11701348,,6,,eyLbsnkYb,2,3,1696242600,weber-shimabukuro,False
11701349,,1,,xbGbscZUb,1,3,1696231800,hijikata-gengel,False
11701350,,WC,19,BmTbsVNKc,2,3,1696222800,hanwen-li-sweeny,False
11701351,,WC,22,YAosQvH,2,3,1696242600,hoang-nam-ly-diez,False
11701352,,WC,16,IIgspyGb,2,3,1696237500,mu-kukushkin,False
11701385,,WC,A,KbGdskuXd,1,3,1696161600,marot-giovanniello,False
11701386,,5,,rfusElKb,2,3,1696235400,gobat-lamasine,False
11701444,,5,9,RlhsiUZ,1,3,1696237200,cukierman-cox,False
11701471,,,12,LdwbstLLc,2,3,1696237200,faria-barranco-cosano,False
11701472,,3,10,AoIbsJgMb,2,3,1696237200,forti-squire,False
11701473,,,11,xNDbsPGOc,1,3,1696237200,mikrut-sanchez-jover,False
11701486,1,6,,nvJbshzCc,2,3,1696233600,mikaca-alkio,False
11701487,2,,12,nAVbsEQMd,2,3,1696240200,lanisek-matos-sequeira-fernandes,False
11701490,2,8,,wDDbslrac,1,3,1696248600,borodulina-bebic,False
11701491,2,3,,WubdsTtdd,1,3,1696248300,ignjatic-slaba,False
11701492,1,WC,16,NCHdsNoWd,2,3,1696233600,serban-inisan,False
11701493,1,4,,RwbbsymQb,2,3,1696238400,voracek-pislak,False
11701494,2,,9,tcecsVYTd,2,3,1696241400,vogt-munteanu,False
11701495,2,1,,FbJbsPlUb,1,3,1696233600,sposetti-nylander-altelius,False
11701496,1,,,NUbcsPunc,2,3,1696254600,zamberlani-krznaric,False
11701497,1,,14,GPGcsqcGd,1,3,1696233600,polakovicova-nikcevic,False
11701499,1,2,,aKqcsxoWd,1,3,1696243200,langlais-pochtovyk,False
11701509,,4,,VBvsiCld,1,3,1696237200,gulin-damm,False
11701521,,,,PutdsPWTd,2,3,1696231800,benson-shumsky,False
11701522,,7,,bEOsAhLb,2,3,1696231800,baiant-milushev,False
11701523,,6,,zOZbsjbVc,2,3,1696231800,schinteie-bueno-gil,False
11701524,,3,,zewcsmRHc,1,3,1696228200,genov-aregger,False
11701525,,,,czzsiBjd,2,3,1696228200,van-den-ham-shevkedov,False
11701526,,5,,dEOslHOc,1,3,1696231800,bill-shandarov,False
11701527,,2,,ojDdsrtGd,2,3,1696237200,marinov-chayka,False
11701528,,,,PrDbskBVd,2,3,1696228200,iliescu-repkin,False
11701529,,,9,XOfdsboWd,2,3,1696228200,norrman-meduri,False
11701530,,,10,lcVcsAeed,1,3,1696237200,cattaneo-jakupi,False
11701531,,8,,XyCbsECUd,2,3,1696228200,torcq-sakellaridis,False
11701532,,,12,bKecsEObd,2,3,1696244400,mikkelsen-anand,False
11701533,2,1,11,HhEsugDb,2,3,1696237200,vanta-deari,False
11701534,,6,12,OKDcsYNDc,1,3,1696239900,coulibaly-fery,False
11701535,,2,,BBlbsNOOc,1,3,1696243200,pokorny-echargui,False
11701536,2,4,,uZpcsViLc,1,3,1696235400,laki-martial,False
11701537,2,,10,bItswGZc,2,3,1696229700,mohamed-melnikova,False
11701538,2,,16,VPUcsqjfd,1,3,1696248000,munk-mortensen-noel,False
11701539,1,1,,qNLspYad,1,3,1696236600,deppner-grey,False
11701540,2,,15,dxYbsdhMc,2,3,1696230000,psonka-dal,False
11701541,2,2,,IlCbsqYad,1,3,1696229700,ntondele-zinga-morvayova,False
11701542,2,3,WC,pWrcsZTqd,1,3,1696246800,soulie-kubka,False
11701543,1,WC,13,ohrsJtWd,2,3,1696238400,ciocan-lizarazo,False
11701544,1,,12,bEUbsaUqd,2,3,1696235400,ibragimova-elde,False
11701555,2,6,12,gYadsHWqd,1,3,1696233000,lee-tatu,False
11701556,2,2,13,UJgdsyrtd,1,3,1696239000,jamrichova-grechkina,False
11701557,1,3,15,yzvsulod,1,3,1696240200,bartlett-muntean,False
11701558,2,4,10,EcccsMwQc,2,3,1696233600,lipiec-dakovic,False
11701559,1,5,,lxpcsMtGd,1,3,1696233600,solar-donoso-reami,False
11701561,,1,9,jwTspcTb,1,3,1696246200,krutykh-taberner,False
11701562,1,,15,JLhcsTmEd,2,3,1696249200,wirglerova-barnes,False
11701563,2,,10,NCtcsrUud,2,3,1696251600,otzipka-heinzova,False
11701565,1,6,,UuKsxaJc,1,3,1696242300,chekanskaya-christie,False
11701605,,4,11,RoLcsLkad,2,3,1696244400,debru-bertrand,False
11701606,2,5,9,uoysUnjc,2,3,1696239000,fossati-martin,False
11701607,1,4,11,ZWQsLfGc,1,3,1696233600,caruso-reitano,False
11701608,2,6,,ELhcsNiuc,1,3,1696240500,misasi-strauch,False
11701609,2,7,16,VCRspZLb,1,3,1696241100,dessi-ricca,False
11701610,1,,,hqHbsYEvc,2,3,1696239600,chvets-loccisano,False
11701611,1,2,,bIJbskxFc,1,3,1696233600,marino-dellelba,False
11701612,1,,,rwgsPKqc,2,3,1696240800,andaloro-de-bakker,False
11701613,2,3,14,trwbseMUb,1,3,1696233600,di-natale-loccisano,False
11701614,2,,,oePbspFmc,2,3,1696247100,picchione-gadamauri,False
11701615,2,3,,quRbsZCcd,2,3,1696248000,piraino-rottoli,False
11701616,2,1,WC,jfysdnGc,1,3,1696243200,pampanin-oliveira,False
11701617,1,1,13,fcYbsGkqc,1,3,1696233600,la-vela-liucci,False
11701626,2,5,WC,DDGcsVkrd,1,3,1696230000,boulard-radovanovic,False
11701627,1,7,,XgisgpFb,2,3,1696251300,girard-ozgen,False
11701631,2,,10,YDjbsffJd,2,3,1696245600,jarzaguet-calzi,False
11701632,2,4,,AcmcsBGFd,2,3,1696244400,rocci-garcian,False
11701633,2,3,16,oyZsmyQb,2,3,1696248900,bertimon-boureau,False
11701634,2,6,15,PbvbsWYDd,1,3,1696236900,wallner-pierre,False
11701635,2,WC,,TItdsMAMd,2,3,1696237200,vitter-colne,False
11701640,,6,8,tPgsdyR,2,3,1696245300,dalla-valle-laaksonen,False
11701643,1,WC,14,ZaIsmIrc,2,3,1696248000,elamin-zayed,False
11701645,2,3,,DkLcsvtbd,1,3,1696254000,sharma-trochu,False
11701646,2,1,,jqwcsxiGc,1,3,1696254900,pel-alhassani,False
11701648,2,7,,tanbsmETd,1,3,1696248000,bortune-vujic,False
11701651,,,9,vIospgRb,1,3,1696254000,ben-abdennibi-fufygin,False
11701653,2,,13,hbLdsruXd,2,3,1696248000,bangargi-stephens,False
11701655,2,,16,PdvcsygJd,2,3,1696248000,madhavan-shtengelov,False
11701656,2,2,,NigcsRwuc,1,3,1696254600,sorensen-deschamps,False
11701661,1,8,11,duusIwcc,1,3,1696244100,shin-parres-azcoitia,False
11701662,1,7,14,vuDsoMYc,2,3,1696254900,lopez-martinez-bhatia,False
11701666,,3,,MLUsywCc,1,3,1696241400,blanch-harris,False
11701667,,A,,FvibsnWed,2,3,1696172400,bianchi-derdoy,False
11701668,,1,A,Aousgajc,1,3,1696251600,saraiva-dos-santos-dutra-da-silva,False
11701680,,,16,CXhsbAjd,2,3,1696233600,greco-klaffner,False
11701681,,,13,jaFbsibJc,2,3,1696233600,la-cagnina-carbonaro,False
11701682,,,15,kGncsvXYc,2,3,1696233600,teodosescu-alvisi,False
11701683,,,14,NTkcsocVc,2,3,1696237200,urgesi-paterno,False
11701684,,,12,czqcsebBc,1,3,1696233600,kozakova-mintegi-del-olmo,False
11701689,,1,10,kLysnpI,2,3,1696242000,santillan-caruso,False
11701697,1,4,10,HyAsgeqc,1,3,1696246500,jorge-lazaro-garcia,False
11701698,1,2,15,AuDbsRDDb,2,3,1696237200,kanev-hoste-ferrer,False
11701699,2,,11,ZvQsFkob,1,3,1696242300,seibold-jokic,False
11701700,1,1,16,ieBbsMadc,1,3,1696237200,amariei-portillo-ramirez,False
11701701,2,3,12,RdebswmEb,1,3,1696236900,maristany-zuleta-de-reales-rame,False
11701702,,4,11,XKccsGwYc,1,3,1696233600,lanik-puskar,False
11701703,,5,WC,xoIbskWed,1,3,1696233600,hausberger-zahraj,False
11701704,,,11,qEGcsWEDd,1,3,1696233600,firman-odorizzi,False
11701705,,,15,vRtcskqHd,2,3,1696244400,kargina-junge-ilges,False
11701706,,3,12,MbPsCjuc,2,3,1696233600,carnevalle-panak,False
11701707,,6,,PiBbsDugd,1,3,1696244400,sopkova-traversi,False
11701708,,3,,TkRstOmb,2,3,1696233600,masic-vojcinakova,False
11701709,,,10,BCacsFwYc,2,3,1696233600,michalik-zund,False
11701710,,8,14,kRHcstlcd,1,3,1696233600,simundza-kupcic,False
11701711,,2,14,uKIcsOjbd,1,3,1696235400,balus-semenistaja,False
11701712,,6,9,GawcsoTfd,1,3,1696233600,fix-malgiaritta,False
11701713,,8,12,bXcdsQBkd,2,3,1696244400,ionescu-slavikova,False
11701714,,1,13,EJpdsvutd,2,3,1696233600,mikovic-agwi,False
11701715,,7,9,akEcsQzjd,2,3,1696240800,bulat-vanik,False
11701716,,,15,GMrcsCItd,2,3,1696233600,jeran-dimic,False
11701717,,,12,ghndsYLWd,1,3,1696233600,falster-rathi,False
11701718,,,13,vKIcsHjDd,1,3,1696233600,haddad-roots,False
11701719,,7,,kCZbsYdmc,1,3,1696233600,osabuohien-rojas,False
11701720,,,15,QEqdsXftd,2,3,1696233600,soares-kalina,False
11701721,,8,,NutdsGdKd,1,3,1696233600,pan-philibert,False
11701722,,2,,cmGbsWTUc,2,3,1696233600,faucon-pohjola,False
11701723,,,10,gjPcsbKnd,2,3,1696233600,piana-rothensteiner,False
11701724,,,16,RGfdsTlDd,1,3,1696233600,laborde-pinto,False
11701725,,3,,wpEcsTwvd,1,3,1696233600,di-pietro-arangio,False
11701726,,,9,TgZcsQegd,1,3,1696233600,longueville-rakki,False
11701727,,,11,GupcsHCUd,2,3,1696233600,schoen-vinahradava,False
11701728,,2,,vNUbsFiId,1,3,1696233600,gombitova-jamshidi,False
11701729,,6,,rDicsmcGd,1,3,1696233600,beldiman-mozgaleva,False
11701730,,,16,HMIbsMuRb,1,3,1696233600,sodeyama-chehoudi,False
11701731,,5,,zypsXTYb,2,3,1696233600,brown-nesterov,False
11701732,,5,,GKXcsJQjd,1,3,1696233600,frant-berriri,False
11701733,,4,,zQjdsunEd,1,3,1696233600,schmitt-maute,False
11701734,,,15,vWedsvxud,2,3,1696233600,volkov-bathellier,False
11701735,,,10,POOcsqFqd,2,3,1696233600,holder-nad,False
11701736,,,9,MhfcsHbad,2,3,1696233600,schaer-oliver-moratalla,False
11701737,,7,,XPfdsqnpd,1,3,1696233600,panaras-venturini,False
11701738,,1,,wrLbsnpKc,1,3,1696233600,bargaoui-gulin,False
11701739,,,,TtObsyZCc,1,3,1696233600,almeida-junior-ki-lung-ng,False
11701740,,6,,hfZcsEQjd,2,3,1696233600,orlov-hermassi,False
11701741,,,,TCXbsUmGc,2,3,1696233600,morolli-ichikawa,False
11701742,,1,,tcibsmVId,1,3,1696233600,nav-tessa,False
11701743,,,12,ACtcshyJc,2,3,1696233600,munoz-krattiger,False
11701744,,,14,YtwbsVePd,1,3,1696233600,syrtveit-mihail,False
11701745,,4,,AtmcsxKIc,2,3,1696233600,varul-bossi,False
11701746,,8,,iMpdszuXd,1,3,1696233600,batkiewicz-bjork,False
11701747,,3,,iODbslFdd,1,3,1696233600,roe-flannelly-salazar,False
11701748,,,11,PeZcsQJed,2,3,1696233600,onofrei-villoslada,False
11701749,,3,7,BlBsxmwc,2,3,1696251600,bicknell-sakamoto,False
11701752,,WC,11,oGgsetVd,2,3,1696251600,wendler-filho-pereira,False
11701761,,WC,A,TuccszYqd,1,3,1696197300,svajda-trotter,False
11701779,2,,9,AXEsFzfb,1,3,1696245000,benamar-wagner,False
11701780,1,4,9,FRrbsPQOb,1,3,1696233600,iamachkine-curras-abasolo,False
11701781,1,WC,11,CqbcsbePd,2,3,1696241400,gonzalez-galino-zusman,False
11701782,1,,11,gRkbshdhd,1,3,1696239300,podrez-zaar,False
11701783,1,,,WKccsccmd,2,3,1696239600,hartig-brosset,False
11701784,2,3,16,ZrNbslvid,1,3,1696233600,regas-luis-sheyngezikht,False
11701785,1,,14,nJkcsNpZc,2,3,1696246200,bougouffa-lopatetska,False
11701786,2,8,15,RlKbsKArd,1,3,1696239000,martin-manzano-minin,False
11701787,1,1,,eNBcsjFdd,1,3,1696233600,goldberg-alviani-nedelchev,False
11701788,2,8,,yBAcsvgXc,1,3,1696241400,iliev-battesti,False
11701839,,4,7,cHhbsvLLc,1,3,1696247100,rocha-weis,False
11701840,,1,8,hMqsicib,2,3,1696250100,bertola-vesely,False
11701841,1,7,,llIbsLnHc,1,3,1696252200,costa-araujo-mansouri,False
11701842,2,5,,jckcsQBpc,1,3,1696250700,falkner-hance,False
11701843,2,6,,aItsXuDb,1,3,1696247100,kucmova-kolb,False
11701877,2,2,13,JbebsOwod,1,3,1696252800,jucha-bouquet,False
11701917,,,15,AlBcsvHQd,2,3,1696230000,clark-ibrahim,False
11701918,,,9,NKQbsNVqd,1,3,1696244400,kahsay-popyrin,False
11701919,,,16,jBMsdLmd,2,3,1696230000,varzandeh-el-sallaly,False
11701920,,WC,,KWecslXcd,2,3,1696239000,kukasian-tasenkov,False
11701921,,3,,fiBbsLhMc,1,3,1696230000,ridout-van-rensburg,False
11701922,,7,,ybkcsgrfd,2,3,1696244400,leather-sibille,False
11701923,,2,WC,cMgsYKKb,1,3,1696230000,jones-uzhylovsky,False
11701924,1,7,14,XYLbsYPfd,1,3,1696248000,baumgartner-cekirge,False
11701925,,,11,OOvcsGrfd,1,3,1696230000,nielsen-sada,False
11701926,,5,,NupcsVHyc,1,3,1696230000,tanner-macherla,False
11701927,,,10,hLqcstXKd,2,3,1696244400,bastiaansen-castelletti,False
11701928,,4,,aFocsoBVd,1,3,1696244400,herman-filar,False
11701929,,8,,hhfdslbXd,2,3,1696239000,mabrouk-ianin,False
11701930,,,12,KBdcsrzLc,1,3,1696239000,fumagalli-taddia,False
11701931,,,13,fGncsDtdd,1,3,1696239000,mossur-el-feky,False
11701932,,,14,ntKbsZtkc,2,3,1696230000,murgett-troebinger,False
11701933,1,2,WC,nfgdsnvMd,1,3,1696248000,roche-alcaya-cesar-porras,False
11701934,,1,,DfPbsMArd,1,3,1696230000,bilardo-militi-ribaldi,False
11702042,,,10,yEqsdYw,1,3,1696246200,karlovskiy-de-schepper,False
11702214,,8,,IEVsZCwc,1,3,1696251600,hess-bruna,False
11702216,,,WC,iCebsLtXd,1,3,1696251600,martaux-ortiz,False
11702217,,,12,gJqbsnicc,1,3,1696251600,gagliardo-ciurletti,False
11702218,,1,,EcecscKec,1,3,1696251600,barreiros-reyes-oliveira,False
11702220,,WC,14,IPGcsjNRd,2,3,1696251600,meneo-vilicich,False
11702221,,,15,BTodsOpJd,1,3,1696251600,dedura-palomero-amarilla,False
11702222,,WC,,dObdsJlvd,2,3,1696251600,fernandez-martinez,False
11702224,,5,,zcmdsBiId,1,3,1696251600,bibiloni-ratti,False
11702225,,7,,QmDcsaIod,2,3,1696251600,mastri-leal,False
11702230,,,WC,GnldsLKod,1,3,1696251600,buslje-matulovich,False
11702232,,WC,10,KbGdsLbGd,2,3,1696251600,aguilar-cardozo-giovanniello,False
11702238,,,,FvibsMqoc,2,3,1696251600,karakachian-derdoy,False
11702241,,2,,pvNbsGDkd,1,3,1696251600,mariani-tenti,False
11702242,,,,GxhdsZGFd,1,3,1696251600,rodriguez-fernandez,False
11702243,,,,dQDcsFnld,2,3,1696251600,kurz-cardozo-mouilleron-salvo,False
11702244,,,11,BQGcsxDYc,1,3,1696251600,basel-simonit,False
11702248,2,2,,bzTswBdd,2,3,1696254900,lincer-noel,False
11703221,1,4,,PrDbsqutd,1,3,1696249500,ivanov-repkin,False
11703236,,WC,10,uEfdsQjkd,1,3,1696244400,safta-kotlikova,False
11703242,1,,9,XOfdsECUd,1,3,1696242600,torcq-meduri,False
11703331,2,3,,mRHcsiBjd,1,3,1696244400,van-den-ham-genov,False
11703442,1,1,,tcibsRGfd,1,3,1696249800,pinto-tessa,False
11703443,2,3,15,iODbsQEqd,2,3,1696249800,kalina-salazar,False
11703444,1,,12,cmGbshyJc,1,3,1696249800,munoz-pohjola,False
11703445,1,4,10,POOcszQjd,1,3,1696249800,maute-nad,False
11703470,1,1,13,ohrsqNL,1,3,1696254900,grey-lizarazo,False
11703524,1,7,,UmGcsqnpd,1,3,1696253400,panaras-morolli,False
11703525,2,,,bEOsPWTd,1,3,1696252500,benson-milushev,False
