match_id,market_id,market_name,is_live,suspended,initial_fractional_value,fractional_value,choice_name,choice_source_id,winnig,change
11673958,1,full_time,False,False,73/100,83/100,1,1349454568,False,1
11673958,1,full_time,False,False,1/1,83/100,2,1349454681,True,-1
11673958,11,first_set_winner,False,False,8/11,5/6,1,1349620691,False,1
11673958,11,first_set_winner,False,False,1/1,5/6,2,1349620754,True,-1
11673958,12,total_games_won,False,False,4/5,4/5,Over,1349620653,False,0
11673958,12,total_games_won,False,False,10/11,10/11,Under,1349620650,True,0
11673962,1,full_time,False,False,8/13,1/2,1,1354450349,True,-1
11673962,1,full_time,False,False,6/5,3/2,2,1354450415,False,1
11673962,11,first_set_winner,False,False,4/6,4/7,1,1354475382,,-1
11673962,11,first_set_winner,False,False,11/10,5/4,2,1354475404,,1
11673962,12,total_games_won,False,False,1/1,10/11,Over,1355457883,,-1
11673962,12,total_games_won,False,False,8/11,4/5,Under,1355457864,,1
11673963,1,full_time,False,False,2/5,9/25,1,1349455017,True,-1
11673963,1,full_time,False,False,7/4,2/1,2,1349455233,False,1
11673963,11,first_set_winner,False,False,4/9,4/9,1,1349629410,True,0
11673963,11,first_set_winner,False,False,13/8,13/8,2,1349629474,False,0
11673963,12,total_games_won,False,False,5/6,8/11,Over,1349629364,True,-1
11673963,12,total_games_won,False,False,5/6,1/1,Under,1349629350,False,1
11673993,1,full_time,False,False,4/7,67/100,1,1353388758,False,1
11673993,1,full_time,False,False,5/4,11/10,2,1353388926,True,-1
11673993,11,first_set_winner,False,False,8/11,8/11,1,1353394297,True,0
11673993,11,first_set_winner,False,False,1/1,1/1,2,1353394362,False,0
11673993,12,total_games_won,False,False,10/11,10/11,Over,1353645470,True,0
11673993,12,total_games_won,False,False,4/5,4/5,Under,1353645397,False,0
11674000,1,full_time,False,False,73/100,73/100,1,1348743961,False,0
11674000,1,full_time,False,False,1/1,1/1,2,1348744079,True,0
11674000,11,first_set_winner,False,False,4/5,4/5,1,1348748577,False,0
11674000,11,first_set_winner,False,False,10/11,10/11,2,1348748615,True,0
11674000,12,total_games_won,False,False,5/6,5/6,Over,1348988008,False,0
11674000,12,total_games_won,False,False,5/6,5/6,Under,1348987967,True,0
11674008,1,full_time,False,False,13/,163/100,1,1348744512,True,1
11674008,1,full_time,False,False,4/9,11/25,2,1348744660,False,1
11674008,11,first_set_winner,False,False,6/4,6/4,1,1348749542,False,0
11674008,11,first_set_winner,False,False,1/2,1/2,2,1348749547,True,0
11674008,12,total_games_won,False,False,4/5,4/5,Over,1349000985,True,0
11674008,12,total_games_won,False,False,10/11,10/11,Under,1349000923,False,0
11674011,1,full_time,False,False,5/6,83/100,1,1354533902,False,1
11674011,1,full_time,False,False,5/6,83/100,2,1354533977,True,1
11674011,11,first_set_winner,False,False,5/6,5/6,1,1355459520,False,0
11674011,11,first_set_winner,False,False,5/6,5/6,2,1355459635,True,0
11674011,12,total_games_won,False,False,10/11,10/11,Over,1355459519,True,0
11674011,12,total_games_won,False,False,4/5,4/5,Under,1355459504,False,0
11674026,1,full_time,False,False,5/4,69/50,1,1348692854,False,1
11674026,1,full_time,False,False,4/7,53/100,2,1348692857,True,-1
11674026,11,first_set_winner,False,False,6/5,6/5,1,1348694286,False,0
11674026,11,first_set_winner,False,False,8/13,8/13,2,1348694396,True,0
11674026,12,total_games_won,False,False,5/6,5/6,Over,1348845041,False,0
11674026,12,total_games_won,False,False,5/6,5/6,Under,1348844987,True,0
11674032,1,full_time,False,False,2/1,12/5,1,1353993425,True,1
11674032,1,full_time,False,False,9/25,3/10,2,1353993446,False,-1
11674032,11,first_set_winner,False,False,13/8,7/4,1,1353994009,True,1
11674032,11,first_set_winner,False,False,4/9,2/5,2,1353994079,False,-1
11674032,12,total_games_won,False,False,10/11,10/11,Over,1355055094,True,0
11674032,12,total_games_won,False,False,4/5,4/5,Under,1355055082,False,0
11674034,1,full_time,False,False,1/4,1/4,1,1348692901,True,0
11674034,1,full_time,False,False,11/4,11/4,2,1348692960,False,0
11674034,11,first_set_winner,False,False,1/3,1/3,1,1348695548,True,0
11674034,11,first_set_winner,False,False,9/4,9/4,2,1348695595,False,0
11674034,12,total_games_won,False,False,5/6,5/6,Over,1348856554,False,0
11674034,12,total_games_won,False,False,5/6,5/6,Under,1348856433,True,0
11674074,1,full_time,False,False,11/5,12/5,1,1351234732,True,1
11674074,1,full_time,False,False,4/11,33/100,2,1351234859,False,-1
11674074,11,first_set_winner,False,False,13/8,7/4,1,1351240332,True,1
11674074,11,first_set_winner,False,False,4/9,2/5,2,1351240477,False,-1
11674074,12,total_games_won,False,False,5/6,10/11,Over,1351483328,False,1
11674074,12,total_games_won,False,False,5/6,4/5,Under,1351483260,True,-1
11674103,1,full_time,False,False,6/4,7/4,1,1344286031,True,1
11674103,1,full_time,False,False,8/15,11/25,2,1344286100,False,-1
11674103,11,first_set_winner,False,False,5/4,6/4,1,1344287182,True,1
11674103,11,first_set_winner,False,False,4/7,1/2,2,1344287222,False,-1
11674103,12,total_games_won,False,False,5/6,5/6,Over,1345330589,False,0
11674103,12,total_games_won,False,False,5/6,5/6,Under,1345330535,True,0
11674105,1,full_time,False,False,11/25,11/25,1,1356744020,True,0
11674105,1,full_time,False,False,7/4,7/4,2,1356744292,False,0
11674105,11,first_set_winner,False,False,1/2,8/15,1,1356746584,False,1
11674105,11,first_set_winner,False,False,6/4,11/8,2,1356746604,True,-1
11674105,12,total_games_won,False,False,5/6,4/5,Over,1357425622,True,-1
11674105,12,total_games_won,False,False,5/6,10/11,Under,1357425487,False,1
11674110,1,full_time,False,False,2/5,11/25,1,1346072740,False,1
11674110,1,full_time,False,False,2/1,7/4,2,1346072751,True,-1
11674110,11,first_set_winner,False,False,1/2,8/15,1,1346073896,False,1
11674110,11,first_set_winner,False,False,6/4,11/8,2,1346074011,True,-1
11674110,12,total_games_won,False,False,5/6,5/6,Over,1346750769,False,0
11674110,12,total_games_won,False,False,5/6,5/6,Under,1346750668,True,0
11674111,1,full_time,False,False,7/4,69/50,1,1358233109,False,-1
11674111,1,full_time,False,False,4/9,57/100,2,1358233165,True,1
11674111,11,first_set_winner,False,False,11/8,6/5,1,1358234998,False,-1
11674111,11,first_set_winner,False,False,8/15,8/13,2,1358235073,True,1
11674111,12,total_games_won,False,False,5/6,5/6,Over,1358539179,False,0
11674111,12,total_games_won,False,False,5/6,5/6,Under,1358539108,True,0
11674112,1,full_time,False,False,2/5,1/2,1,1346579143,True,1
11674112,1,full_time,False,False,2/1,163/100,2,1346579260,False,-1
11674112,11,first_set_winner,False,False,4/9,8/15,1,1346581245,True,1
11674112,11,first_set_winner,False,False,13/8,11/8,2,1346581303,False,-1
11674112,12,total_games_won,False,False,4/5,10/11,Over,1346780513,False,1
11674112,12,total_games_won,False,False,10/11,4/5,Under,1346780425,True,-1
11674113,1,full_time,False,False,8/11,73/100,1,1352807619,False,-1
11674113,1,full_time,False,False,11/10,11/10,2,1352807648,True,0
11674113,11,first_set_winner,False,False,8/11,8/11,1,1352811469,True,0
11674113,11,first_set_winner,False,False,1/1,1/1,2,1352811636,False,0
11674113,12,total_games_won,False,False,4/5,10/11,Over,1353483232,True,1
11674113,12,total_games_won,False,False,10/11,4/5,Under,1353483173,False,-1
11674114,1,full_time,False,False,11/8,13/10,1,1351655018,False,-1
11674114,1,full_time,False,False,4/7,31/50,2,1351655101,True,1
11674114,11,first_set_winner,False,False,6/5,11/10,1,1351655969,False,-1
11674114,11,first_set_winner,False,False,8/13,4/6,2,1351656036,True,1
11674114,12,total_games_won,False,False,4/5,5/6,Over,1351916854,True,1
11674114,12,total_games_won,False,False,10/11,5/6,Under,1351916831,False,-1
11675440,1,full_time,False,False,4/1,4/1,1,1352603823,False,0
11675440,1,full_time,False,False,17/100,17/100,2,1352603929,True,0
11675440,11,first_set_winner,False,False,11/4,11/4,1,1352606125,False,0
11675440,11,first_set_winner,False,False,1/4,1/4,2,1352606288,True,0
11675440,12,total_games_won,False,False,5/6,10/11,Over,1353527311,True,1
11675440,12,total_games_won,False,False,5/6,4/5,Under,1353527266,False,-1
11675443,1,full_time,False,False,2/5,9/25,1,1353961504,True,-1
11675443,1,full_time,False,False,2/1,11/5,2,1353961624,False,1
11675443,11,first_set_winner,False,False,4/9,4/9,1,1353962849,True,0
11675443,11,first_set_winner,False,False,13/8,13/8,2,1353962893,False,0
11675443,12,total_games_won,False,False,4/5,4/5,Over,1354362992,True,0
11675443,12,total_games_won,False,False,10/11,10/11,Under,1354362971,False,0
11675444,1,full_time,False,False,2/25,2/25,1,1346071674,True,0
11675444,1,full_time,False,False,7/1,7/1,2,1346071729,False,0
11675444,11,first_set_winner,False,False,1/6,1/6,1,1346073276,True,0
11675444,11,first_set_winner,False,False,4/1,4/1,2,1346073318,False,0
11675444,12,total_games_won,False,False,10/11,10/11,Over,1346429703,False,0
11675444,12,total_games_won,False,False,4/5,4/5,Under,1346429606,True,0
11675445,1,full_time,False,False,11/4,5/2,1,1357761560,False,-1
11675445,1,full_time,False,False,29/100,3/10,2,1357761759,True,1
11675445,11,first_set_winner,False,False,2/1,7/4,1,1357764235,False,-1
11675445,11,first_set_winner,False,False,4/11,2/5,2,1357764300,True,1
11675445,12,total_games_won,False,False,8/11,5/6,Over,1358434372,True,1
11675445,12,total_games_won,False,False,1/1,5/6,Under,1358434344,False,-1
11675446,1,full_time,False,False,10/11,91/100,1,1344133611,False,-1
11675446,1,full_time,False,False,10/11,91/100,2,1344133648,True,-1
11675446,11,first_set_winner,False,False,5/6,5/6,1,1344137044,False,0
11675446,11,first_set_winner,False,False,5/6,5/6,2,1344137140,True,0
11675446,12,total_games_won,False,False,4/5,10/11,Over,1345208178,False,1
11675446,12,total_games_won,False,False,10/11,4/5,Under,1345208037,True,-1
11675447,1,full_time,False,False,17/100,13/100,1,1356739870,True,-1
11675447,1,full_time,False,False,4/1,5/1,2,1356739964,False,1
11675447,11,first_set_winner,False,False,1/4,2/9,1,1356740926,True,-1
11675447,11,first_set_winner,False,False,11/4,3/1,2,1356740931,False,1
11675447,12,total_games_won,False,False,4/5,10/11,Over,1357392984,False,1
11675447,12,total_games_won,False,False,10/11,4/5,Under,1357392939,True,-1
11675448,1,full_time,False,False,3/1,3/1,1,1346608738,False,0
11675448,1,full_time,False,False,1/4,1/4,2,1346608892,True,0
11675448,11,first_set_winner,False,False,9/4,2/1,1,1346610858,True,-1
11675448,11,first_set_winner,False,False,1/3,4/11,2,1346610999,False,1
11675448,12,total_games_won,False,False,8/11,10/11,Over,1346727605,True,1
11675448,12,total_games_won,False,False,1/1,4/5,Under,1346727534,False,-1
11675449,1,full_time,False,False,8/15,53/100,1,1345172972,True,1
11675449,1,full_time,False,False,6/4,3/2,2,1345173162,False,0
11675449,11,first_set_winner,False,False,4/9,8/13,1,1345175703,False,1
11675449,11,first_set_winner,False,False,13/8,6/5,2,1345175785,True,-1
11675449,12,total_games_won,False,False,8/11,5/6,Over,1346185875,True,1
11675449,12,total_games_won,False,False,1/1,5/6,Under,1346185806,False,-1
11675450,1,full_time,False,False,5/1,7/2,1,1346055070,False,-1
11675450,1,full_time,False,False,1/8,1/5,2,1346055155,True,1
11675450,11,first_set_winner,False,False,10/3,5/2,1,1346058057,False,-1
11675450,11,first_set_winner,False,False,1/5,2/7,2,1346058174,True,1
11675450,12,total_games_won,False,False,4/5,5/6,Over,1346180697,False,1
11675450,12,total_games_won,False,False,10/11,5/6,Under,1346180523,True,-1
11686269,1,full_time,False,False,11/25,11/25,1,1356156168,True,0
11686269,1,full_time,False,False,7/4,7/4,2,1356156177,False,0
11686269,11,first_set_winner,False,False,1/2,1/2,1,1356564936,True,0
11686269,11,first_set_winner,False,False,6/4,6/4,2,1356565005,False,0
11686269,12,total_games_won,False,False,5/6,5/6,Over,1356564709,False,0
11686269,12,total_games_won,False,False,5/6,5/6,Under,1356564632,True,0
11686272,1,full_time,False,False,11/10,6/5,1,1357688964,True,1
11686272,1,full_time,False,False,8/11,67/100,2,1357689071,False,-1
11686272,11,first_set_winner,False,False,11/10,11/10,1,1357699487,True,0
11686272,11,first_set_winner,False,False,4/6,4/6,2,1357699568,False,0
11686272,12,total_games_won,False,False,4/5,8/11,Over,1357890639,False,-1
11686272,12,total_games_won,False,False,10/11,1/1,Under,1357890634,True,1
11686275,1,full_time,False,False,3/2,13/10,1,1357688179,False,-1
11686275,1,full_time,False,False,53/100,31/50,2,1357688290,True,1
11686275,11,first_set_winner,False,False,5/4,6/5,1,1357697485,,-1
11686275,11,first_set_winner,False,False,4/7,8/13,2,1357697532,,1
11686275,12,total_games_won,False,False,5/6,4/5,Over,1357929422,,-1
11686275,12,total_games_won,False,False,5/6,10/11,Under,1357929325,,1
11686276,1,full_time,False,False,11/10,11/10,1,1358868022,False,0
11686276,1,full_time,False,False,8/11,73/100,2,1358868066,True,-1
11686276,11,first_set_winner,False,False,1/1,1/1,1,1358870307,False,0
11686276,11,first_set_winner,False,False,8/11,8/11,2,1358870562,True,0
11686276,12,total_games_won,False,False,10/11,10/11,Over,1359107224,False,0
11686276,12,total_games_won,False,False,4/5,4/5,Under,1359107094,True,0
11686281,1,full_time,False,False,2/1,3/2,1,1356156017,False,-1
11686281,1,full_time,False,False,2/5,53/100,2,1356156038,True,1
11686281,11,first_set_winner,False,False,5/4,5/4,1,1356584469,True,0
11686281,11,first_set_winner,False,False,4/7,4/7,2,1356584527,False,0
11686281,12,total_games_won,False,False,5/6,5/6,Over,1356584279,True,0
11686281,12,total_games_won,False,False,5/6,5/6,Under,1356584213,False,0
11696863,1,full_time,False,False,5/6,5/6,1,1345730886,False,0
11696863,1,full_time,False,False,5/6,5/6,2,1345731014,True,0
11697105,1,full_time,False,False,1/3,33/100,1,1345418589,False,1
11697105,1,full_time,False,False,12/5,12/5,2,1345418680,True,0
11697105,11,first_set_winner,False,False,2/5,2/5,1,1345453240,True,0
11697105,11,first_set_winner,False,False,7/4,7/4,2,1345453442,False,0
11697105,12,total_games_won,False,False,4/5,5/6,Over,1345751450,True,1
11697105,12,total_games_won,False,False,10/11,5/6,Under,1345751246,False,-1
11697107,1,full_time,False,False,1/5,1/5,1,1345411650,True,0
11697107,1,full_time,False,False,7/2,7/2,2,1345411723,False,0
11697107,11,first_set_winner,False,False,2/7,2/7,1,1345427274,True,0
11697107,11,first_set_winner,False,False,5/2,5/2,2,1345427352,False,0
11697107,12,total_games_won,False,False,4/5,4/5,Over,1345638553,False,0
11697107,12,total_games_won,False,False,10/11,10/11,Under,1345638424,True,0
11697108,1,full_time,False,False,6/4,7/4,1,1345412194,True,1
11697108,1,full_time,False,False,8/15,11/25,2,1345412269,False,-1
11697108,11,first_set_winner,False,False,5/4,11/8,1,1345430408,False,1
11697108,11,first_set_winner,False,False,4/7,8/15,2,1345430528,True,-1
11697108,12,total_games_won,False,False,5/6,5/6,Over,1345680733,True,0
11697108,12,total_games_won,False,False,5/6,5/6,Under,1345680653,False,0
11697110,1,full_time,False,False,6/5,6/5,1,1345413125,False,0
11697110,1,full_time,False,False,4/6,67/100,2,1345413134,True,-1
11697110,11,first_set_winner,False,False,1/1,1/1,1,1345432682,False,0
11697110,11,first_set_winner,False,False,8/11,8/11,2,1345432823,True,0
11697110,12,total_games_won,False,False,10/11,10/11,Over,1345728998,False,0
11697110,12,total_games_won,False,False,4/5,4/5,Under,1345728850,True,0
11697112,1,full_time,False,False,8/1,8/1,1,1345413784,False,0
11697112,1,full_time,False,False,1/14,7/100,2,1345413793,True,1
11697112,11,first_set_winner,False,False,9/2,9/2,1,1345436030,False,0
11697112,11,first_set_winner,False,False,1/7,1/7,2,1345436156,True,0
11697112,12,total_games_won,False,False,8/11,8/11,Over,1345773382,True,0
11697112,12,total_games_won,False,False,1/1,1/1,Under,1345773368,False,0
11697113,1,full_time,False,False,4/7,31/50,1,1345414148,True,1
11697113,1,full_time,False,False,11/,13/10,2,1345414245,False,1
11697113,11,first_set_winner,False,False,8/13,4/6,1,1345437816,False,1
11697113,11,first_set_winner,False,False,6/5,11/10,2,1345437821,True,-1
11697113,12,total_games_won,False,False,1/1,10/11,Over,1345797697,True,-1
11697113,12,total_games_won,False,False,8/11,4/5,Under,1345797469,False,1
11697117,1,full_time,False,False,10/3,10/3,1,1345414404,False,1
11697117,1,full_time,False,False,2/9,11/50,2,1345414462,True,1
11697117,11,first_set_winner,False,False,12/5,9/4,1,1345439144,False,-1
11697117,11,first_set_winner,False,False,3/10,1/3,2,1345439299,True,1
11697117,12,total_games_won,False,False,5/6,5/6,Over,1345661933,True,0
11697117,12,total_games_won,False,False,5/6,5/6,Under,1345661817,False,0
11697118,1,full_time,False,False,4/5,91/100,1,1345415122,True,1
11697118,1,full_time,False,False,1/1,91/100,2,1345415179,False,-1
11697118,11,first_set_winner,False,False,4/5,5/6,1,1345443277,True,1
11697118,11,first_set_winner,False,False,10/11,5/6,2,1345443388,False,-1
11697118,12,total_games_won,False,False,4/5,4/5,Over,1345704587,False,0
11697118,12,total_games_won,False,False,10/11,10/11,Under,1345704404,True,0
11697119,1,full_time,False,False,3/10,3/10,1,1345415455,True,0
11697119,1,full_time,False,False,5/2,5/2,2,1345415534,False,0
11697119,11,first_set_winner,False,False,2/5,2/5,1,1345444309,True,0
11697119,11,first_set_winner,False,False,7/4,7/4,2,1345444427,False,0
11697119,12,total_games_won,False,False,4/5,4/5,Over,1345730527,False,0
11697119,12,total_games_won,False,False,10/11,10/11,Under,1345730381,True,0
11697120,1,full_time,False,False,10/3,10/3,1,1345415824,False,1
11697120,1,full_time,False,False,2/9,11/50,2,1345415986,True,1
11697120,11,first_set_winner,False,False,12/5,12/5,1,1345445355,True,0
11697120,11,first_set_winner,False,False,3/10,3/10,2,1345445449,False,0
11697120,12,total_games_won,False,False,4/5,4/5,Over,1345752957,True,0
11697120,12,total_games_won,False,False,10/11,10/11,Under,1345752770,False,0
11697121,1,full_time,False,False,6/4,3/2,1,1345416356,True,0
11697121,1,full_time,False,False,8/15,53/100,2,1345416437,False,1
11697121,11,first_set_winner,False,False,5/4,5/4,1,1345446919,True,0
11697121,11,first_set_winner,False,False,4/7,4/7,2,1345446928,False,0
11697121,12,total_games_won,False,False,5/6,5/6,Over,1345775120,False,0
11697121,12,total_games_won,False,False,5/6,5/6,Under,1345774995,True,0
11697122,1,full_time,False,False,3/1,11/4,1,1345417066,False,-1
11697122,1,full_time,False,False,1/4,29/100,2,1345417290,True,1
11697122,11,first_set_winner,False,False,9/4,2/1,1,1345448837,False,-1
11697122,11,first_set_winner,False,False,1/3,4/11,2,1345448844,True,1
11697122,12,total_games_won,False,False,5/6,4/5,Over,1345680853,True,-1
11697122,12,total_games_won,False,False,5/6,10/11,Under,1345680765,False,1
11697123,1,full_time,False,False,1/6,1/5,1,1345417621,False,1
11697123,1,full_time,False,False,4/1,7/2,2,1345417722,True,-1
11697123,11,first_set_winner,False,False,1/4,2/7,1,1345450472,True,1
11697123,11,first_set_winner,False,False,11/4,5/2,2,1345450535,False,-1
11697123,12,total_games_won,False,False,4/5,4/5,Over,1345704015,True,0
11697123,12,total_games_won,False,False,10/11,10/11,Under,1345703917,False,0
11697124,1,full_time,False,False,6/5,6/5,1,1345418207,True,0
11697124,1,full_time,False,False,4/6,67/100,2,1345418270,False,-1
11697124,11,first_set_winner,False,False,11/10,11/10,1,1345451712,True,0
11697124,11,first_set_winner,False,False,4/6,4/6,2,1345451909,False,0
11697124,12,total_games_won,False,False,4/5,4/5,Over,1345729423,False,0
11697124,12,total_games_won,False,False,10/11,10/11,Under,1345729185,True,0
11697126,1,full_time,False,False,8/1,9/1,1,1345419699,False,1
11697126,1,full_time,False,False,1/14,3/50,2,1345419864,True,-1
11697126,11,first_set_winner,False,False,5/1,5/1,1,1345457137,False,0
11697126,11,first_set_winner,False,False,1/8,1/8,2,1345457161,True,0
11697126,12,total_games_won,False,False,8/11,4/5,Over,1345798354,True,1
11697126,12,total_games_won,False,False,1/1,10/11,Under,1345798195,False,-1
11697152,1,full_time,False,False,7/4,7/4,1,1347717390,True,0
11697152,1,full_time,False,False,2/5,2/5,2,1347717570,False,0
11697216,1,full_time,False,False,6/4,6/4,1,1347268829,False,0
11697216,1,full_time,False,False,1/2,1/2,2,1347268899,True,0
11697223,1,full_time,False,False,8/11,8/11,1,1347716536,True,0
11697223,1,full_time,False,False,1/1,1/1,2,1347716775,False,0
11697237,1,full_time,False,False,6/5,6/5,1,1347896188,False,0
11697237,1,full_time,False,False,8/13,8/13,2,1347896394,True,0
11697262,1,full_time,False,False,12/5,12/5,1,1347900352,True,0
11697262,1,full_time,False,False,3/10,3/10,2,1347900457,False,0
11697278,1,full_time,False,False,12/5,12/5,1,1348795330,True,0
11697278,1,full_time,False,False,3/10,3/10,2,1348795383,False,0
11697304,1,full_time,False,False,11/8,11/8,1,1348503706,False,0
11697304,1,full_time,False,False,8/15,8/15,2,1348503761,True,0
11697306,1,full_time,False,False,11/10,11/10,1,1348795752,False,0
11697306,1,full_time,False,False,4/6,4/6,2,1348795820,True,0
11697309,1,full_time,False,False,5/6,5/6,1,1348841903,False,0
11697309,1,full_time,False,False,5/6,5/6,2,1348842001,True,0
11697316,1,full_time,False,False,2/9,2/9,1,1348807530,True,0
11697316,1,full_time,False,False,3/1,3/1,2,1348807596,False,0
11698042,1,full_time,False,False,8/11,8/11,1,1349671040,False,0
11698042,1,full_time,False,False,1/1,1/1,2,1349671115,True,0
11698055,1,full_time,False,False,8/13,8/13,1,1350168907,False,0
11698055,1,full_time,False,False,6/5,6/5,2,1350168980,True,0
11698379,1,full_time,False,False,5/6,5/6,1,1351344752,False,0
11698379,1,full_time,False,False,5/6,5/6,2,1351344846,True,0
11698395,1,full_time,False,False,11/8,6/5,1,1351476098,False,-1
11698395,1,full_time,False,False,4/7,67/100,2,1351476274,True,1
11698395,11,first_set_winner,False,False,11/10,11/10,1,1351480364,False,0
11698395,11,first_set_winner,False,False,4/6,4/6,2,1351480388,True,0
11698395,12,total_games_won,False,False,1/1,1/1,Over,1351948634,True,0
11698395,12,total_games_won,False,False,8/11,8/11,Under,1351948394,False,0
11698397,1,full_time,False,False,4/9,57/100,1,1351476525,False,1
11698397,1,full_time,False,False,7/4,69/50,2,1351476553,True,-1
11698397,11,first_set_winner,False,False,1/2,8/13,1,1351481891,False,1
11698397,11,first_set_winner,False,False,6/4,6/5,2,1351481975,True,-1
11698398,1,full_time,False,False,10/3,5/2,1,1351476764,False,-1
11698398,1,full_time,False,False,2/9,3/10,2,1351476863,True,1
11698398,11,first_set_winner,False,False,9/4,7/4,1,1351483391,True,-1
11698398,11,first_set_winner,False,False,1/3,2/5,2,1351483444,False,1
11698398,12,total_games_won,False,False,10/11,5/6,Over,1351979534,True,-1
11698398,12,total_games_won,False,False,4/5,5/6,Under,1351979500,False,1
11698399,1,full_time,False,False,3/1,3/1,1,1351476991,False,0
11698399,1,full_time,False,False,1/4,1/4,2,1351477028,True,0
11698399,11,first_set_winner,False,False,9/4,9/4,1,1351484619,False,0
11698399,11,first_set_winner,False,False,1/3,1/3,2,1351484754,True,0
11698399,12,total_games_won,False,False,5/6,5/6,Over,1351793972,False,0
11698399,12,total_games_won,False,False,5/6,5/6,Under,1351793971,True,0
11698400,1,full_time,False,False,2/5,1/2,1,1351477291,False,1
11698400,1,full_time,False,False,2/1,163/100,2,1351477326,True,-1
11698400,11,first_set_winner,False,False,4/9,8/15,1,1351486257,False,1
11698400,11,first_set_winner,False,False,13/8,11/8,2,1351486326,True,-1
11698400,12,total_games_won,False,False,5/6,5/6,Over,1351805187,False,0
11698400,12,total_games_won,False,False,5/6,5/6,Under,1351804994,True,0
11698401,1,full_time,False,False,3/1,3/1,1,1351477407,False,0
11698401,1,full_time,False,False,1/4,1/4,2,1351477438,True,0
11698401,11,first_set_winner,False,False,9/4,9/4,1,1351487262,False,0
11698401,11,first_set_winner,False,False,1/3,1/3,2,1351487285,True,0
11698401,12,total_games_won,False,False,5/6,5/6,Over,1351841718,False,0
11698401,12,total_games_won,False,False,5/6,5/6,Under,1351841635,True,0
11698402,1,full_time,False,False,11/10,6/5,1,1351477537,True,1
11698402,1,full_time,False,False,8/11,67/100,2,1351477556,False,-1
11698402,11,first_set_winner,False,False,1/1,1/1,1,1351488252,True,0
11698402,11,first_set_winner,False,False,8/11,8/11,2,1351488288,False,0
11698402,12,total_games_won,False,False,4/5,4/5,Over,1351820713,False,0
11698402,12,total_games_won,False,False,10/11,10/11,Under,1351820678,True,0
11698403,1,full_time,False,False,8/13,8/13,1,1351509853,True,0
11698403,1,full_time,False,False,6/5,6/5,2,1351509890,False,0
11698476,1,full_time,False,False,5/4,5/4,1,1351700257,False,0
11698476,1,full_time,False,False,4/7,4/7,2,1351700322,True,0
11698477,1,full_time,False,False,4/11,4/11,1,1352368349,False,0
11698477,1,full_time,False,False,2/1,2/1,2,1352368467,True,0
11698544,1,full_time,False,False,9/4,9/4,1,1351822098,False,0
11698544,1,full_time,False,False,1/3,1/3,2,1351822146,True,0
11698550,1,full_time,False,False,1/1,1/1,1,1352005968,False,0
11698550,1,full_time,False,False,8/11,8/11,2,1352006007,True,0
11698683,1,full_time,False,False,4/9,4/9,1,1352359780,True,0
11698683,1,full_time,False,False,13/8,13/8,2,1352360266,False,0
11698735,1,full_time,False,False,5/4,5/4,1,1352501358,False,0
11698735,1,full_time,False,False,4/7,4/7,2,1352501565,True,0
11698749,1,full_time,False,False,5/6,5/6,1,1352388723,False,0
11698749,1,full_time,False,False,5/6,5/6,2,1352388780,True,0
11698757,1,full_time,False,False,5/6,5/6,1,1352462667,True,0
11698757,1,full_time,False,False,5/6,5/6,2,1352462852,False,0
11698861,1,full_time,False,False,1/1,1/1,1,1353047281,False,0
11698861,1,full_time,False,False,8/11,8/11,2,1353047459,True,0
11699062,1,full_time,False,False,5/6,5/6,1,1353576507,True,0
11699062,1,full_time,False,False,5/6,5/6,2,1353576607,False,0
11699063,1,full_time,False,False,1/100,1/100,1,1353574990,True,0
11699063,1,full_time,False,False,14/1,14/1,2,1353575155,False,0
11699064,1,full_time,False,False,1/2,1/2,1,1353577213,,0
11699064,1,full_time,False,False,6/4,6/4,2,1353577228,,0
11699065,1,full_time,False,False,2/9,2/9,1,1353576760,True,0
11699065,1,full_time,False,False,3/1,3/1,2,1353576798,False,0
11699067,1,full_time,False,False,1/5,1/5,1,1353576979,True,0
11699067,1,full_time,False,False,10/3,10/3,2,1353577041,False,0
11699068,1,full_time,False,False,1/66,1/66,1,1353575941,True,0
11699068,1,full_time,False,False,11/1,11/1,2,1353576040,False,0
11699069,1,full_time,False,False,10/3,10/3,1,1353577549,False,0
11699069,1,full_time,False,False,1/5,1/5,2,1353577698,True,0
11699070,1,full_time,False,False,1/2,1/2,1,1353574112,True,0
11699070,1,full_time,False,False,6/4,6/4,2,1353574215,False,0
11699071,1,full_time,False,False,11/10,11/10,1,1353574560,False,0
11699071,1,full_time,False,False,4/6,4/6,2,1353574641,True,0
11699072,1,full_time,False,False,4/7,4/7,1,1353575447,True,0
11699072,1,full_time,False,False,5/4,5/4,2,1353575490,False,0
11699073,1,full_time,False,False,6/4,6/4,1,1353576902,True,0
11699073,1,full_time,False,False,1/2,1/2,2,1353576914,False,0
11699074,1,full_time,False,False,5/4,5/4,1,1353577132,False,0
11699074,1,full_time,False,False,4/7,4/7,2,1353577171,True,0
11699083,1,full_time,False,False,4/7,67/100,1,1353640178,False,1
11699083,1,full_time,False,False,5/4,11/10,2,1353640256,True,-1
11699084,1,full_time,False,False,2/1,5/2,1,1353640623,False,1
11699084,1,full_time,False,False,4/11,29/100,2,1353640764,True,-1
11699097,1,full_time,False,False,1/6,1/6,1,1354118436,True,0
11699097,1,full_time,False,False,7/2,7/2,2,1354118597,False,0
11699099,1,full_time,False,False,5/4,5/4,1,1354065854,False,0
11699099,1,full_time,False,False,4/7,4/7,2,1354065968,True,0
11699100,1,full_time,False,False,2/5,2/5,1,1354069602,True,0
11699100,1,full_time,False,False,7/4,7/4,2,1354069673,False,0
11699101,1,full_time,False,False,11/2,11/2,1,1354066238,False,0
11699101,1,full_time,False,False,1/10,1/10,2,1354066309,True,0
11699102,1,full_time,False,False,2/7,2/7,1,1354065342,True,0
11699102,1,full_time,False,False,5/2,5/2,2,1354065366,False,0
11699103,1,full_time,False,False,11/2,11/2,1,1354065506,False,0
11699103,1,full_time,False,False,1/10,1/10,2,1354065547,True,0
11699104,1,full_time,False,False,8/1,8/1,1,1354070288,False,0
11699104,1,full_time,False,False,1/25,1/25,2,1354070338,True,0
11699106,1,full_time,False,False,6/1,6/1,1,1354067339,True,0
11699106,1,full_time,False,False,1/12,1/12,2,1354067501,False,0
11699107,1,full_time,False,False,1/8,1/8,1,1354065657,True,0
11699107,1,full_time,False,False,9/2,9/2,2,1354065707,False,0
11699108,1,full_time,False,False,1/8,1/8,1,1354067919,True,0
11699108,1,full_time,False,False,9/2,9/2,2,1354068007,False,0
11699109,1,full_time,False,False,1/10,1/10,1,1354066066,True,0
11699109,1,full_time,False,False,11/2,11/2,2,1354066102,False,0
11699110,1,full_time,False,False,4/1,4/1,1,1354068336,True,0
11699110,1,full_time,False,False,1/7,1/7,2,1354068461,False,0
11699111,1,full_time,False,False,1/6,1/6,1,1354068560,True,0
11699111,1,full_time,False,False,7/2,7/2,2,1354068567,False,0
11699112,1,full_time,False,False,2/7,2/7,1,1354070184,False,0
11699112,1,full_time,False,False,5/2,5/2,2,1354070257,True,0
11699153,1,full_time,False,False,6/5,6/5,1,1353947670,True,0
11699153,1,full_time,False,False,8/13,8/13,2,1353947678,False,0
11699154,1,full_time,False,False,1/3,1/3,1,1353949743,False,0
11699154,1,full_time,False,False,9/4,9/4,2,1353949746,True,0
11699155,1,full_time,False,False,6/5,6/5,1,1353949830,False,0
11699155,1,full_time,False,False,8/13,8/13,2,1353949924,True,0
11699157,1,full_time,False,False,5/4,5/4,1,1353949060,False,0
11699157,1,full_time,False,False,4/7,4/7,2,1353949091,True,0
11699158,1,full_time,False,False,1/4,1/4,1,1353948281,False,0
11699158,1,full_time,False,False,11/4,11/4,2,1353948373,True,0
11699159,1,full_time,False,False,1/2,1/2,1,1353948790,True,0
11699159,1,full_time,False,False,6/4,6/4,2,1353948992,False,0
11699160,1,full_time,False,False,1/20,1/20,1,1353947733,True,0
11699160,1,full_time,False,False,15/2,15/2,2,1353947755,False,0
11699161,1,full_time,False,False,5/4,5/4,1,1353947628,False,0
11699161,1,full_time,False,False,4/7,4/7,2,1353947642,True,0
11699162,1,full_time,False,False,2/9,2/9,1,1353949338,True,0
11699162,1,full_time,False,False,3/1,3/1,2,1353949365,False,0
11699163,1,full_time,False,False,6/5,6/5,1,1353949563,False,0
11699163,1,full_time,False,False,8/13,8/13,2,1353949618,True,0
11699164,1,full_time,False,False,15/2,15/2,1,1353949450,False,0
11699164,1,full_time,False,False,1/20,1/20,2,1353949500,True,0
11699165,1,full_time,False,False,6/1,6/1,1,1353948011,False,0
11699165,1,full_time,False,False,1/12,1/12,2,1353948057,True,0
11699166,1,full_time,False,False,5/6,5/6,1,1353947778,True,0
11699166,1,full_time,False,False,5/6,5/6,2,1353947785,False,0
11699167,1,full_time,False,False,7/2,7/2,1,1353949184,True,0
11699167,1,full_time,False,False,1/6,1/6,2,1353949227,False,0
11699168,1,full_time,False,False,9/4,9/4,1,1353947521,False,0
11699168,1,full_time,False,False,1/3,1/3,2,1353947532,True,0
11699173,1,full_time,False,False,6/4,6/4,1,1354004320,False,0
11699173,1,full_time,False,False,1/2,1/2,2,1354004400,True,0
11699185,1,full_time,False,False,4/7,4/7,1,1354176927,False,0
11699185,1,full_time,False,False,5/4,5/4,2,1354177038,True,0
11699186,1,full_time,False,False,2/7,2/7,1,1354173985,True,0
11699186,1,full_time,False,False,5/2,5/2,2,1354174106,False,0
11699187,1,full_time,False,False,9/4,9/4,1,1354174357,True,0
11699187,1,full_time,False,False,1/3,1/3,2,1354174555,False,0
11699188,1,full_time,False,False,11/2,11/2,1,1354172181,False,0
11699188,1,full_time,False,False,1/10,1/10,2,1354172265,True,0
11699189,1,full_time,False,False,1/25,1/25,1,1354176154,True,0
11699189,1,full_time,False,False,8/1,8/1,2,1354176266,False,0
11699190,1,full_time,False,False,1/1,1/1,1,1354175509,True,0
11699190,1,full_time,False,False,8/11,8/11,2,1354175617,False,0
11699191,1,full_time,False,False,1/1000,1/1000,1,1354172474,True,0
11699191,1,full_time,False,False,25/1,25/1,2,1354172565,False,0
11699192,1,full_time,False,False,14/1,14/1,1,1354171380,False,0
11699192,1,full_time,False,False,1/100,1/100,2,1354171610,True,0
11699193,1,full_time,False,False,11/1,11/1,1,1354172783,False,0
11699193,1,full_time,False,False,1/66,1/66,2,1354172864,True,0
11699194,1,full_time,False,False,1/100,1/100,1,1354170865,True,0
11699194,1,full_time,False,False,14/1,14/1,2,1354170972,False,0
11699195,1,full_time,False,False,20/1,20/1,1,1354173437,False,0
11699195,1,full_time,False,False,1/500,1/500,2,1354173487,True,0
11699196,1,full_time,False,False,14/1,14/1,1,1354177468,False,0
11699196,1,full_time,False,False,1/100,1/100,2,1354177592,True,0
11699197,1,full_time,False,False,1/9,1/9,1,1354174875,True,0
11699197,1,full_time,False,False,5/1,5/1,2,1354174967,False,0
11699198,1,full_time,False,False,1/25,1/25,1,1354173076,True,0
11699198,1,full_time,False,False,8/1,8/1,2,1354173111,False,0
11699199,1,full_time,False,False,1/8,1/8,1,1354171856,True,0
11699199,1,full_time,False,False,9/2,9/2,2,1354171921,False,0
11699200,1,full_time,False,False,9/1,9/1,1,1354176409,True,0
11699200,1,full_time,False,False,1/33,1/33,2,1354176621,False,0
11699221,1,full_time,False,False,3/10,3/10,1,1353849570,False,0
11699221,1,full_time,False,False,12/5,12/5,2,1353849588,True,0
11699222,1,full_time,False,False,3/1,3/1,1,1353849624,False,0
11699222,1,full_time,False,False,2/9,2/9,2,1353849657,True,0
11699224,1,full_time,False,False,5/4,5/4,1,1353849865,False,0
11699224,1,full_time,False,False,4/7,4/7,2,1353849902,True,0
11699226,1,full_time,False,False,1/20,1/20,1,1353849739,True,0
11699226,1,full_time,False,False,15/2,15/2,2,1353849812,False,0
11699227,1,full_time,False,False,1/25,1/25,1,1353845500,True,0
11699227,1,full_time,False,False,8/1,8/1,2,1353845555,False,0
11699228,1,full_time,False,False,5/2,5/2,1,1353849375,False,0
11699228,1,full_time,False,False,2/7,2/7,2,1353849464,True,0
11699231,1,full_time,False,False,1/,1/,1,1353847240,True,0
11699231,1,full_time,False,False,9/2,9/2,2,1353847278,False,0
11699235,1,full_time,False,False,4/7,4/7,1,1353848984,True,0
11699235,1,full_time,False,False,5/4,5/4,2,1353849076,False,0
11699236,1,full_time,False,False,5/6,5/6,1,1353847419,False,0
11699236,1,full_time,False,False,5/6,5/6,2,1353847526,True,0
11699241,1,full_time,False,False,8/15,8/15,1,1353846432,False,0
11699241,1,full_time,False,False,11/8,11/8,2,1353846553,True,0
11699270,1,full_time,False,False,7/2,7/2,1,1353846781,False,0
11699270,1,full_time,False,False,1/6,1/6,2,1353846871,True,0
11699271,1,full_time,False,False,6/1,6/1,1,1353845858,False,0
11699271,1,full_time,False,False,1/12,1/12,2,1353845935,True,0
11699296,1,full_time,False,False,5/4,5/4,1,1354011055,True,0
11699296,1,full_time,False,False,4/7,4/7,2,1354011074,False,0
11699334,1,full_time,False,False,8/13,31/50,1,1353922856,False,-1
11699334,1,full_time,False,False,6/5,6/5,2,1353922965,True,0
11699334,11,first_set_winner,False,False,4/6,4/6,1,1353930849,False,0
11699334,11,first_set_winner,False,False,11/10,11/10,2,1353930880,True,0
11699334,12,total_games_won,False,False,4/5,4/5,Over,1354362860,True,0
11699334,12,total_games_won,False,False,10/11,10/11,Under,1354362821,False,0
11699341,1,full_time,False,False,8/11,8/11,1,1353815888,False,0
11699341,1,full_time,False,False,1/1,1/1,2,1353815894,True,0
11699342,1,full_time,False,False,8/11,8/11,1,1353815116,True,0
11699342,1,full_time,False,False,1/1,1/1,2,1353815169,False,0
11699343,1,full_time,False,False,5/2,5/2,1,1353814472,False,0
11699343,1,full_time,False,False,2/7,2/7,2,1353814483,True,0
11699344,1,full_time,False,False,1/7,1/7,1,1353814539,True,0
11699344,1,full_time,False,False,4/1,4/1,2,1353814547,False,0
11699345,1,full_time,False,False,12/5,12/5,1,1353815342,True,0
11699345,1,full_time,False,False,3/10,3/10,2,1353815414,False,0
11699346,1,full_time,False,False,1/50,1/50,1,1353814204,True,0
11699346,1,full_time,False,False,10/1,10/1,2,1353814240,False,0
11699347,1,full_time,False,False,4/9,4/9,1,1353813851,False,0
11699347,1,full_time,False,False,13/8,13/8,2,1353813926,True,0
11699348,1,full_time,False,False,13/,13/,1,1353813689,False,0
11699348,1,full_time,False,False,4/9,4/9,2,1353813794,True,0
11699349,1,full_time,False,False,8/1,8/1,1,1353814014,False,0
11699349,1,full_time,False,False,1/25,1/25,2,1353814084,True,0
11699350,1,full_time,False,False,11/10,11/10,1,1353814793,False,0
11699350,1,full_time,False,False,4/6,4/6,2,1353814871,True,0
11699351,1,full_time,False,False,1/20,1/20,1,1353813546,True,0
11699351,1,full_time,False,False,15/2,15/2,2,1353813587,False,0
11699352,1,full_time,False,False,1/20,1/20,1,1353815732,True,0
11699352,1,full_time,False,False,15/2,15/2,2,1353815751,False,0
11699361,1,full_time,False,False,10/3,10/3,1,1354545495,False,0
11699361,1,full_time,False,False,1/5,1/5,2,1354545544,True,0
11699386,1,full_time,False,False,1/3,1/3,1,1354879422,True,0
11699386,1,full_time,False,False,9/4,9/4,2,1354879522,False,0
11699387,1,full_time,False,False,1/2,1/2,1,1354598567,True,0
11699387,1,full_time,False,False,6/4,6/4,2,1354598575,False,0
11699388,1,full_time,False,False,25/1,25/1,1,1354598805,False,0
11699388,1,full_time,False,False,1/1000,1/1000,2,1354598841,True,0
11699389,1,full_time,False,False,5/1,5/1,1,1354598597,True,0
11699389,1,full_time,False,False,1/9,1/9,2,1354598613,False,0
11699390,1,full_time,False,False,10/3,10/3,1,1354601349,True,0
11699390,1,full_time,False,False,1/5,1/5,2,1354601399,False,0
11699391,1,full_time,False,False,1/500,1/500,1,1354598745,False,0
11699391,1,full_time,False,False,20/1,20/1,2,1354598750,True,0
11699392,1,full_time,False,False,1/9,1/9,1,1354599938,True,0
11699392,1,full_time,False,False,5/1,5/1,2,1354600068,False,0
11699393,1,full_time,False,False,1/66,1/66,1,1354599014,True,0
11699393,1,full_time,False,False,11/1,11/1,2,1354599159,False,0
11699394,1,full_time,False,False,7/4,7/4,1,1354599481,False,0
11699394,1,full_time,False,False,2/5,2/5,2,1354599567,True,0
11699395,1,full_time,False,False,15/2,15/2,1,1354600302,False,0
11699395,1,full_time,False,False,1/20,1/20,2,1354600313,True,0
11699396,1,full_time,False,False,1/200,1/200,1,1354600363,True,0
11699396,1,full_time,False,False,16/1,16/1,2,1354600396,False,0
11699397,1,full_time,False,False,1/9,1/9,1,1354601004,True,0
11699397,1,full_time,False,False,5/1,5/1,2,1354601112,False,0
11699398,1,full_time,False,False,13/8,13/8,1,1354600548,False,0
11699398,1,full_time,False,False,4/9,4/9,2,1354600621,True,0
11699809,1,full_time,False,False,1/16,1/16,1,1355624116,True,0
11699809,1,full_time,False,False,7/1,7/1,2,1355624117,False,0
11699812,1,full_time,False,False,4/7,4/7,1,1355623960,False,0
11699812,1,full_time,False,False,5/4,5/4,2,1355623977,True,0
11699813,1,full_time,False,False,8/13,8/13,1,1355623926,False,0
11699813,1,full_time,False,False,6/5,6/5,2,1355623938,True,0
11699814,1,full_time,False,False,1/1,1/1,1,1355623371,True,0
11699814,1,full_time,False,False,8/11,8/11,2,1355623466,False,0
11699815,1,full_time,False,False,5/6,5/6,1,1355624149,True,0
11699815,1,full_time,False,False,5/6,5/6,2,1355624257,False,0
11699816,1,full_time,False,False,6/4,6/4,1,1355623774,True,0
11699816,1,full_time,False,False,1/2,1/2,2,1355623781,False,0
11699817,1,full_time,False,False,1/8,1/8,1,1355622697,True,0
11699817,1,full_time,False,False,9/2,9/2,2,1355622725,False,0
11699818,1,full_time,False,False,4/9,4/9,1,1355623021,False,0
11699818,1,full_time,False,False,13/8,13/8,2,1355623106,True,0
11699819,1,full_time,False,False,1/2,1/2,1,1355621833,False,0
11699819,1,full_time,False,False,6/4,6/4,2,1355621904,True,0
11699820,1,full_time,False,False,5/6,5/6,1,1355623733,True,0
11699820,1,full_time,False,False,5/6,5/6,2,1355623762,False,0
11699821,1,full_time,False,False,1/1,1/1,1,1355622739,True,0
11699821,1,full_time,False,False,8/11,8/11,2,1355622775,False,0
11699822,1,full_time,False,False,10/3,10/3,1,1355622204,,0
11699822,1,full_time,False,False,1/5,1/5,2,1355622291,,0
11701298,1,full_time,False,False,3/1,3/1,1,1357711354,False,0
11701298,1,full_time,False,False,2/9,2/9,2,1357711382,True,0
11701327,1,full_time,False,False,5/6,5/6,1,1357345446,False,0
11701327,1,full_time,False,False,5/6,5/6,2,1357345548,True,0
11701328,1,full_time,False,False,11/4,11/4,1,1357340089,False,0
11701328,1,full_time,False,False,1/4,1/4,2,1357340145,True,0
11701329,1,full_time,False,False,5/6,5/6,1,1357717844,False,0
11701329,1,full_time,False,False,5/6,5/6,2,1357717972,True,0
11701330,1,full_time,False,False,1/16,1/16,1,1357342906,False,0
11701330,1,full_time,False,False,9/1,9/1,2,1357342928,True,0
11701331,1,full_time,False,False,4/11,4/11,1,1357344356,True,0
11701331,1,full_time,False,False,2/1,2/1,2,1357344373,False,0
11701333,1,full_time,False,False,1/7,1/7,1,1357338488,True,0
11701333,1,full_time,False,False,9/2,9/2,2,1357338492,False,0
11701334,1,full_time,False,False,4/6,4/6,1,1357340340,True,0
11701334,1,full_time,False,False,11/10,11/10,2,1357340414,False,0
11701335,1,full_time,False,False,6/5,6/5,1,1357340572,False,0
11701335,1,full_time,False,False,8/13,8/13,2,1357340616,True,0
11701336,1,full_time,False,False,11/10,11/10,1,1357345952,True,0
11701336,1,full_time,False,False,4/6,4/6,2,1357346102,False,0
11701337,1,full_time,False,False,6/4,6/4,1,1357344492,True,0
11701337,1,full_time,False,False,1/2,1/2,2,1357344590,False,0
11701338,1,full_time,False,False,11/10,11/10,1,1357343276,True,0
11701338,1,full_time,False,False,4/6,4/6,2,1357343363,False,0
11701339,1,full_time,False,False,13/8,13/8,1,1357339634,False,0
11701339,1,full_time,False,False,4/9,4/9,2,1357339703,True,0
11701340,1,full_time,False,False,1/4,1/4,1,1357339837,True,0
11701340,1,full_time,False,False,11/4,11/4,2,1357339882,False,0
11701341,1,full_time,False,False,4/11,4/11,1,1357346603,True,0
11701341,1,full_time,False,False,2/1,2/1,2,1357346995,False,0
11701342,1,full_time,False,False,6/4,6/4,1,1357338306,True,0
11701342,1,full_time,False,False,1/2,1/2,2,1357338330,False,0
11701343,1,full_time,False,False,11/4,11/4,1,1357345231,False,0
11701343,1,full_time,False,False,1/4,1/4,2,1357345273,True,0
11701344,1,full_time,False,False,8/11,8/11,1,1357343735,False,0
11701344,1,full_time,False,False,1/1,1/1,2,1357343834,True,0
11701345,1,full_time,False,False,1/4,1/4,1,1357340917,True,0
11701345,1,full_time,False,False,11/4,11/4,2,1357341034,False,0
11701346,1,full_time,False,False,5/6,5/6,1,1357342554,True,0
11701346,1,full_time,False,False,5/6,5/6,2,1357342720,False,0
11701347,1,full_time,False,False,8/15,8/15,1,1357344771,True,0
11701347,1,full_time,False,False,11/8,11/8,2,1357344970,False,0
11701348,1,full_time,False,False,1/6,1/6,1,1357342038,False,0
11701348,1,full_time,False,False,4/1,4/1,2,1357342159,True,0
11701349,1,full_time,False,False,1/14,1/14,1,1357336842,True,0
11701349,1,full_time,False,False,8/1,8/1,2,1357337306,False,0
11701350,1,full_time,False,False,5/2,5/2,1,1357348060,False,0
11701350,1,full_time,False,False,2/7,2/7,2,1357348131,True,0
11701351,1,full_time,False,False,11/10,11/10,1,1357341401,False,0
11701351,1,full_time,False,False,4/6,4/6,2,1357341532,True,0
11701352,1,full_time,False,False,7/2,7/2,1,1357344206,False,0
11701352,1,full_time,False,False,2/11,2/11,2,1357344249,True,0
11701386,1,full_time,False,False,4/11,4/11,1,1357718436,False,0
11701386,1,full_time,False,False,2/1,2/1,2,1357718537,True,0
11701444,1,full_time,False,False,6/4,6/4,1,1357710996,True,0
11701444,1,full_time,False,False,1/2,1/2,2,1357711120,False,0
11701471,1,full_time,False,False,11/8,11/8,1,1357707755,False,0
11701471,1,full_time,False,False,8/15,8/15,2,1357707830,True,0
11701472,1,full_time,False,False,4/6,4/6,1,1357708166,False,0
11701472,1,full_time,False,False,11/10,11/10,2,1357708188,True,0
11701473,1,full_time,False,False,6/5,6/5,1,1357708468,True,0
11701473,1,full_time,False,False,8/13,8/13,2,1357708666,False,0
11701486,1,full_time,False,False,5/6,5/6,1,1358237496,False,0
11701486,1,full_time,False,False,5/6,5/6,2,1358237524,True,0
11701487,1,full_time,False,False,5/6,5/6,1,1358236714,False,0
11701487,1,full_time,False,False,5/6,5/6,2,1358236766,True,0
11701490,1,full_time,False,False,1/80,1/80,1,1358239549,True,0
11701490,1,full_time,False,False,12/1,12/1,2,1358239588,False,0
11701491,1,full_time,False,False,1/4,1/4,1,1358236244,True,0
11701491,1,full_time,False,False,11/4,11/4,2,1358236261,False,0
11701492,1,full_time,False,False,5/6,5/6,1,1358235549,False,0
11701492,1,full_time,False,False,5/6,5/6,2,1358235566,True,0
11701493,1,full_time,False,False,11/10,11/10,1,1358236392,False,0
11701493,1,full_time,False,False,4/6,4/6,2,1358236469,True,0
11701494,1,full_time,False,False,7/2,7/2,1,1358235996,False,0
11701494,1,full_time,False,False,1/6,1/6,2,1358236024,True,0
11701495,1,full_time,False,False,2/1,2/1,1,1358235264,True,0
11701495,1,full_time,False,False,4/11,4/11,2,1358235344,False,0
11701497,1,full_time,False,False,11/8,11/8,1,1358237942,True,0
11701497,1,full_time,False,False,8/15,8/15,2,1358238174,False,0
11701499,1,full_time,False,False,2/5,2/5,1,1358235624,True,0
11701499,1,full_time,False,False,7/4,7/4,2,1358235706,False,0
11701509,1,full_time,False,False,4/7,4/7,1,1358128598,True,0
11701509,1,full_time,False,False,5/4,5/4,2,1358128606,False,0
11701533,1,full_time,False,False,2/5,2/5,1,1361617042,False,0
11701533,1,full_time,False,False,7/4,7/4,2,1361617108,True,0
11701534,1,full_time,False,False,1/3,1/3,1,1358134777,True,0
11701534,1,full_time,False,False,9/4,9/4,2,1358134986,False,0
11701535,1,full_time,False,False,3/10,3/10,1,1358128255,True,0
11701535,1,full_time,False,False,12/5,12/5,2,1358128379,False,0
11701536,1,full_time,False,False,1/14,1/14,1,1357423792,True,0
11701536,1,full_time,False,False,13/2,13/2,2,1357423943,False,0
11701537,1,full_time,False,False,13/2,13/2,1,1357423320,False,0
11701537,1,full_time,False,False,1/14,1/14,2,1357423441,True,0
11701538,1,full_time,False,False,2/7,2/7,1,1357866664,True,0
11701538,1,full_time,False,False,5/2,5/2,2,1357866722,False,0
11701539,1,full_time,False,False,1/6,1/6,1,1357422129,True,0
11701539,1,full_time,False,False,7/2,7/2,2,1357422295,False,0
11701540,1,full_time,False,False,5/2,5/2,1,1358144008,False,0
11701540,1,full_time,False,False,2/7,2/7,2,1358144064,True,0
11701541,1,full_time,False,False,1/4,1/4,1,1357422953,True,0
11701541,1,full_time,False,False,11/4,11/4,2,1357422980,False,0
11701542,1,full_time,False,False,1/33,1/33,1,1357866375,True,0
11701542,1,full_time,False,False,9/1,9/1,2,1357866489,False,0
11701543,1,full_time,False,False,11/2,11/2,1,1357422544,False,0
11701543,1,full_time,False,False,1/10,1/10,2,1357422597,True,0
11701544,1,full_time,False,False,13/2,13/2,1,1357424260,False,0
11701544,1,full_time,False,False,1/14,1/14,2,1357424342,True,0
11701555,1,full_time,False,False,1/4,1/4,1,1358997984,True,0
11701555,1,full_time,False,False,11/4,11/4,2,1358998181,False,0
11701556,1,full_time,False,False,1/10,1/10,1,1358995710,True,0
11701556,1,full_time,False,False,11/2,11/2,2,1358995782,False,0
11701557,1,full_time,False,False,1/10,1/10,1,1358996208,True,0
11701557,1,full_time,False,False,11/2,11/2,2,1358996318,False,0
11701558,1,full_time,False,False,1/4,1/4,1,1358996962,False,0
11701558,1,full_time,False,False,11/4,11/4,2,1358997042,True,0
11701559,1,full_time,False,False,1/10,1/10,1,1358997315,True,0
11701559,1,full_time,False,False,11/2,11/2,2,1358997425,False,0
11701561,1,full_time,False,False,8/11,8/11,1,1358150632,True,0
11701561,1,full_time,False,False,1/1,1/1,2,1358150778,False,0
11701562,1,full_time,False,False,1/2,1/2,1,1358968275,False,0
11701562,1,full_time,False,False,6/4,6/4,2,1358968381,True,0
11701563,1,full_time,False,False,11/8,11/8,1,1358968647,False,0
11701563,1,full_time,False,False,8/15,8/15,2,1358968694,True,0
11701565,1,full_time,False,False,3/10,3/10,1,1358259193,True,0
11701565,1,full_time,False,False,12/5,12/5,2,1358259287,False,0
11701605,1,full_time,False,False,4/7,4/7,1,1358867076,False,0
11701605,1,full_time,False,False,5/4,5/4,2,1358867259,True,0
11701606,1,full_time,False,False,1/4,1/4,1,1358603227,False,0
11701606,1,full_time,False,False,11/4,11/4,2,1358603238,True,0
11701607,1,full_time,False,False,8/11,8/11,1,1358602834,True,0
11701607,1,full_time,False,False,1/1,1/1,2,1358602953,False,0
11701608,1,full_time,False,False,1/6,1/6,1,1358603359,True,0
11701608,1,full_time,False,False,7/2,7/2,2,1358603456,False,0
11701609,1,full_time,False,False,8/13,8/13,1,1358603501,True,0
11701609,1,full_time,False,False,6/5,6/5,2,1358603510,False,0
11701610,1,full_time,False,False,13/8,13/8,1,1358603708,False,0
11701610,1,full_time,False,False,4/9,4/9,2,1358603711,True,0
11701611,1,full_time,False,False,3/10,3/10,1,1358602488,True,0
11701611,1,full_time,False,False,12/5,12/5,2,1358602536,False,0
11701612,1,full_time,False,False,11/4,11/4,1,1358677423,False,0
11701612,1,full_time,False,False,1/4,1/4,2,1358677510,True,0
11701613,1,full_time,False,False,1/8,1/8,1,1358602641,True,0
11701613,1,full_time,False,False,9/2,9/2,2,1358602660,False,0
11701614,1,full_time,False,False,4/6,4/6,1,1358676240,False,0
11701614,1,full_time,False,False,11/10,11/10,2,1358676265,True,0
11701615,1,full_time,False,False,5/6,5/6,1,1358676068,False,0
11701615,1,full_time,False,False,5/6,5/6,2,1358676141,True,0
11701616,1,full_time,False,False,1/20,1/20,1,1358675064,True,0
11701616,1,full_time,False,False,15/2,15/2,2,1358675155,False,0
11701617,1,full_time,False,False,1/7,1/7,1,1358602262,True,0
11701617,1,full_time,False,False,4/1,4/1,2,1358602286,False,0
11701626,1,full_time,False,False,1/100,1/100,1,1358884638,True,0
11701626,1,full_time,False,False,14/1,14/1,2,1358884808,False,0
11701627,1,full_time,False,False,1/3,1/3,1,1358885813,False,0
11701627,1,full_time,False,False,9/4,9/4,2,1358885924,True,0
11701631,1,full_time,False,False,11/2,11/2,1,1357726251,False,0
11701631,1,full_time,False,False,1/10,1/10,2,1357726324,True,0
11701633,1,full_time,False,False,7/4,7/4,1,1358140446,False,0
11701633,1,full_time,False,False,2/5,2/5,2,1358140461,True,0
11701640,1,full_time,False,False,5/6,5/6,1,1358894311,False,0
11701640,1,full_time,False,False,5/6,5/6,2,1358894379,True,0
11701643,1,full_time,False,False,7/2,7/2,1,1358705789,False,0
11701643,1,full_time,False,False,1/6,1/6,2,1358705915,True,0
11701645,1,full_time,False,False,1/66,1/66,1,1358706892,True,0
11701645,1,full_time,False,False,11/1,11/1,2,1358707012,False,0
11701655,1,full_time,False,False,4/1,4/1,1,1358707304,False,0
11701655,1,full_time,False,False,1/7,1/7,2,1358707407,True,0
11701656,1,full_time,False,False,1/20,1/20,1,1358706205,True,0
11701656,1,full_time,False,False,15/2,15/2,2,1358706273,False,0
11701661,1,full_time,False,False,11/10,11/10,1,1358999126,True,0
11701661,1,full_time,False,False,4/6,4/6,2,1358999200,False,0
11701662,1,full_time,False,False,5/6,5/6,1,1358998530,False,0
11701662,1,full_time,False,False,5/6,5/6,2,1358998667,True,0
11701666,1,full_time,False,False,2/9,2/9,1,1358792651,True,0
11701666,1,full_time,False,False,3/1,3/1,2,1358792704,False,0
11701668,1,full_time,False,False,1/5,1/5,1,1358802657,True,0
11701668,1,full_time,False,False,10/3,10/3,2,1358802709,False,0
11701689,1,full_time,False,False,5/6,5/6,1,1358792248,False,0
11701689,1,full_time,False,False,5/6,5/6,2,1358792309,True,0
11701697,1,full_time,False,False,1/3,1/3,1,1357875776,True,0
11701697,1,full_time,False,False,9/4,9/4,2,1357875877,False,0
11701698,1,full_time,False,False,4/9,4/9,1,1357874990,False,0
11701698,1,full_time,False,False,13/8,13/8,2,1357875019,True,0
11701699,1,full_time,False,False,8/13,8/13,1,1358902488,True,0
11701699,1,full_time,False,False,6/5,6/5,2,1358902612,False,0
11701700,1,full_time,False,False,1/4,1/4,1,1357415612,True,0
11701700,1,full_time,False,False,11/4,11/4,2,1357415704,False,0
11701701,1,full_time,False,False,4/6,4/6,1,1357875394,True,0
11701701,1,full_time,False,False,11/10,11/10,2,1357875480,False,0
11701749,1,full_time,False,False,5/6,5/6,1,1358803223,False,0
11701749,1,full_time,False,False,5/6,5/6,2,1358803307,True,0
11701752,1,full_time,False,False,15/2,15/2,1,1359319943,False,0
11701752,1,full_time,False,False,1/20,1/20,2,1359320122,True,0
11701761,1,full_time,False,False,13/8,13/8,1,1359017474,True,0
11701761,1,full_time,False,False,4/,4/,2,1359017587,False,0
11701779,1,full_time,False,False,4/1,4/1,1,1359118894,True,0
11701779,1,full_time,False,False,1/7,1/7,2,1359119034,False,0
11701780,1,full_time,False,False,2/7,2/7,1,1359446581,True,0
11701780,1,full_time,False,False,5/2,5/2,2,1359446637,False,0
11701782,1,full_time,False,False,5/6,5/6,1,1358885302,True,0
11701782,1,full_time,False,False,5/6,5/6,2,1358885416,False,0
11701783,1,full_time,False,False,5/2,5/2,1,1359447251,False,0
11701783,1,full_time,False,False,2/7,2/7,2,1359447329,True,0
11701784,1,full_time,False,False,4/9,4/9,1,1359446476,True,0
11701784,1,full_time,False,False,13/8,13/8,2,1359446481,False,0
11701785,1,full_time,False,False,7/2,7/2,1,1359118671,False,0
11701785,1,full_time,False,False,1/6,1/6,2,1359118742,True,0
11701786,1,full_time,False,False,11/10,11/10,1,1359447765,True,0
11701786,1,full_time,False,False,4/6,4/6,2,1359447878,False,0
11701787,1,full_time,False,False,1/14,1/14,1,1359446214,True,0
11701787,1,full_time,False,False,13/2,13/2,2,1359446223,False,0
11701788,1,full_time,False,False,1/4,1/4,1,1359125990,True,0
11701788,1,full_time,False,False,11/4,11/4,2,1359126069,False,0
11701839,1,full_time,False,False,4/9,4/9,1,1359282743,True,0
11701839,1,full_time,False,False,13/8,13/8,2,1359282759,False,0
11701840,1,full_time,False,False,3/10,3/10,1,1359274273,False,0
11701840,1,full_time,False,False,12/5,12/5,2,1359274375,True,0
11701841,1,full_time,False,False,1/25,1/25,1,1359290430,True,0
11701841,1,full_time,False,False,8/1,8/1,2,1359290470,False,0
11701842,1,full_time,False,False,1/4,1/4,1,1359289519,True,0
11701842,1,full_time,False,False,11/4,11/4,2,1359289586,False,0
11701843,1,full_time,False,False,1/5,1/5,1,1359289989,True,0
11701843,1,full_time,False,False,10/3,10/3,2,1359290114,False,0
11701877,1,full_time,False,False,1/5,1/5,1,1359279716,True,0
11701877,1,full_time,False,False,10/3,10/3,2,1359279784,False,0
11701924,1,full_time,False,False,4/6,4/6,1,1359447527,True,0
11701924,1,full_time,False,False,11/10,11/10,2,1359447559,False,0
11701933,1,full_time,False,False,1/33,1/33,1,1359446404,True,0
11701933,1,full_time,False,False,9/1,9/1,2,1359446409,False,0
11702042,1,full_time,False,False,11/10,11/10,1,1359614790,True,0
11702042,1,full_time,False,False,4/6,4/6,2,1359614876,False,0
11702248,1,full_time,False,False,8/13,8/13,1,1360686761,False,0
11702248,1,full_time,False,False,6/5,6/5,2,1360686797,True,0
11703221,1,full_time,False,False,1/12,1/12,1,1361829054,True,0
11703221,1,full_time,False,False,6/1,6/1,2,1361829094,False,0
11703242,1,full_time,False,False,11/4,11/4,1,1361930823,True,0
11703242,1,full_time,False,False,1/4,1/4,2,1361930954,False,0
11703442,1,full_time,False,False,1/12,1/12,1,1362329227,True,0
11703442,1,full_time,False,False,6/1,6/1,2,1362329273,False,0
11703443,1,full_time,False,False,1/1,1/1,1,1362329584,False,0
11703443,1,full_time,False,False,8/11,8/11,2,1362329587,True,0
11703444,1,full_time,False,False,4/11,4/11,1,1362329393,True,0
11703444,1,full_time,False,False,2/1,2/1,2,1362329459,False,0
11703445,1,full_time,False,False,5/6,5/6,1,1362329645,True,0
11703445,1,full_time,False,False,5/6,5/6,2,1362329650,False,0
11703470,1,full_time,False,False,4/6,4/6,1,1362356775,True,0
11703470,1,full_time,False,False,11/10,11/10,2,1362356896,False,0
11703524,1,full_time,False,False,5/6,5/6,1,1362498020,True,0
11703524,1,full_time,False,False,5/6,5/6,2,1362498046,False,0
