match_id,season_id,name,year
11673958,52736,"ATP Challenger Bogota, Colombia Men Singles 2023",2023
11673962,52736,"ATP Challenger Bogota, Colombia Men Singles 2023",2023
11673963,52736,"ATP Challenger Bogota, Colombia Men Singles 2023",2023
11673993,53163,"ATP Challenger Braga, Portugal Men Singles 2023",2023
11674000,52758,"ATP Challenger Charleston, SC, USA Men Singles 2023",2023
11674008,52758,"ATP Challenger Charleston, SC, USA Men Singles 2023",2023
11674011,52758,"ATP Challenger Charleston, SC, USA Men Singles 2023",2023
11674026,52734,"ATP Challenger Orleans, France Men Singles 2023",2023
11674032,52734,"ATP Challenger Orleans, France Men Singles 2023",2023
11674034,52734,"ATP Challenger Orleans, France Men Singles 2023",2023
11674074,50161,"WTA Tokyo, Japan Women Singles 2023",2023
11674103,50333,"ATP Astana, Kazakhstan Men Singles 2023",2023
11674105,50333,"ATP Astana, Kazakhstan Men Singles 2023",2023
11674110,50333,"ATP Astana, Kazakhstan Men Singles 2023",2023
11674111,50333,"ATP Astana, Kazakhstan Men Singles 2023",2023
11674112,50333,"ATP Astana, Kazakhstan Men Singles 2023",2023
11674113,50333,"ATP Astana, Kazakhstan Men Singles 2023",2023
11674114,50333,"ATP Astana, Kazakhstan Men Singles 2023",2023
11675440,50091,"ATP Beijing, China Men Singles 2023",2023
11675443,50091,"ATP Beijing, China Men Singles 2023",2023
11675444,50091,"ATP Beijing, China Men Singles 2023",2023
11675445,50091,"ATP Beijing, China Men Singles 2023",2023
11675446,50091,"ATP Beijing, China Men Singles 2023",2023
11675447,50091,"ATP Beijing, China Men Singles 2023",2023
11675448,50091,"ATP Beijing, China Men Singles 2023",2023
11675449,50091,"ATP Beijing, China Men Singles 2023",2023
11675450,50091,"ATP Beijing, China Men Singles 2023",2023
11686269,50179,"WTA Beijing, China Women Singles 2023",2023
11686272,50179,"WTA Beijing, China Women Singles 2023",2023
11686275,50179,"WTA Beijing, China Women Singles 2023",2023
11686276,50179,"WTA Beijing, China Women Singles 2023",2023
11686281,50179,"WTA Beijing, China Women Singles 2023",2023
11688311,55103,"ITF USA F35, Men Singles 2023",2023
11696863,55095,"ITF France F19, Men Singles 2023",2023
11697105,50179,"WTA Beijing, China Women Singles 2023",2023
11697107,50179,"WTA Beijing, China Women Singles 2023",2023
11697108,50179,"WTA Beijing, China Women Singles 2023",2023
11697110,50179,"WTA Beijing, China Women Singles 2023",2023
11697112,50179,"WTA Beijing, China Women Singles 2023",2023
11697113,50179,"WTA Beijing, China Women Singles 2023",2023
11697117,50179,"WTA Beijing, China Women Singles 2023",2023
11697118,50179,"WTA Beijing, China Women Singles 2023",2023
11697119,50179,"WTA Beijing, China Women Singles 2023",2023
11697120,50179,"WTA Beijing, China Women Singles 2023",2023
11697121,50179,"WTA Beijing, China Women Singles 2023",2023
11697122,50179,"WTA Beijing, China Women Singles 2023",2023
11697123,50179,"WTA Beijing, China Women Singles 2023",2023
11697124,50179,"WTA Beijing, China Women Singles 2023",2023
11697126,50179,"WTA Beijing, China Women Singles 2023",2023
11697152,55120,"ITF USA 43A, Women Singles 2023",2023
11697216,55095,"ITF France F19, Men Singles 2023",2023
11697223,55120,"ITF USA 43A, Women Singles 2023",2023
11697237,55097,"ITF Argentina F7, Men Singles 2023",2023
11697262,55131,"ITF Argentina 09A, Women Singles 2023",2023
11697278,55103,"ITF USA F35, Men Singles 2023",2023
11697304,55097,"ITF Argentina F7, Men Singles 2023",2023
11697306,55103,"ITF USA F35, Men Singles 2023",2023
11697309,55131,"ITF Argentina 09A, Women Singles 2023",2023
11697316,55116,"ITF USA 42A, Women Singles 2023",2023
11698042,55116,"ITF USA 42A, Women Singles 2023",2023
11698055,55244,"ITF Japan 21A, Women Singles 2023",2023
11698354,55274,"ITF Australia F10, Men Singles 2023",2023
11698355,55274,"ITF Australia F10, Men Singles 2023",2023
11698356,55274,"ITF Australia F10, Men Singles 2023",2023
11698357,55274,"ITF Australia F10, Men Singles 2023",2023
11698358,55274,"ITF Australia F10, Men Singles 2023",2023
11698359,55253,"ITF Australia 12A, Women Singles 2023",2023
11698360,55274,"ITF Australia F10, Men Singles 2023",2023
11698361,55253,"ITF Australia 12A, Women Singles 2023",2023
11698362,55274,"ITF Australia F10, Men Singles 2023",2023
11698363,55274,"ITF Australia F10, Men Singles 2023",2023
11698364,55274,"ITF Australia F10, Men Singles 2023",2023
11698365,55253,"ITF Australia 12A, Women Singles 2023",2023
11698366,55274,"ITF Australia F10, Men Singles 2023",2023
11698367,55274,"ITF Australia F10, Men Singles 2023",2023
11698368,55253,"ITF Australia 12A, Women Singles 2023",2023
11698369,55253,"ITF Australia 12A, Women Singles 2023",2023
11698370,55274,"ITF Australia F10, Men Singles 2023",2023
11698371,55253,"ITF Australia 12A, Women Singles 2023",2023
11698372,55253,"ITF Australia 12A, Women Singles 2023",2023
11698373,55274,"ITF Australia F10, Men Singles 2023",2023
11698374,55274,"ITF Australia F10, Men Singles 2023",2023
11698375,55274,"ITF Australia F10, Men Singles 2023",2023
11698376,55274,"ITF Australia F10, Men Singles 2023",2023
11698377,55253,"ITF Australia 12A, Women Singles 2023",2023
11698378,55253,"ITF Australia 12A, Women Singles 2023",2023
11698379,55091,"ITF Egypt F15, Men Singles 2023",2023
11698395,50179,"WTA Beijing, China Women Singles 2023",2023
11698397,50179,"WTA Beijing, China Women Singles 2023",2023
11698398,50179,"WTA Beijing, China Women Singles 2023",2023
11698399,50179,"WTA Beijing, China Women Singles 2023",2023
11698400,50179,"WTA Beijing, China Women Singles 2023",2023
11698401,50179,"WTA Beijing, China Women Singles 2023",2023
11698402,50179,"WTA Beijing, China Women Singles 2023",2023
11698403,55105,"ITF Egypt 14A, Women Singles 2023",2023
11698476,55099,"ITF Spain F30, Men Singles 2023",2023
11698477,55111,"ITF Tunisia 41A, Women Singles 2023",2023
11698544,55286,"2023 ITF Bulgaria F1B, Men Singles",2023
11698550,55288,"2023 ITF Serbia F19, Men Singles",2023
11698683,55107,"ITF Tunisia F43, Men Singles 2023",2023
11698735,55296,"ITF Italy 02B, Women Singles 2023",2023
11698749,55289,"ITF Serbia 17A, Women Singles 2023",2023
11698757,55101,"ITF Portugal 15A, Women Singles 2023",2023
11698861,55095,"ITF France F19, Men Singles 2023",2023
11698870,55267,"ITF Bulgaria F5, Men Singles 2023",2023
11698871,55267,"ITF Bulgaria F5, Men Singles 2023",2023
11698872,55267,"ITF Bulgaria F5, Men Singles 2023",2023
11698873,55267,"ITF Bulgaria F5, Men Singles 2023",2023
11698874,55267,"ITF Bulgaria F5, Men Singles 2023",2023
11698875,55267,"ITF Bulgaria F5, Men Singles 2023",2023
11698876,55267,"ITF Bulgaria F5, Men Singles 2023",2023
11698877,55267,"ITF Bulgaria F5, Men Singles 2023",2023
11698878,55267,"ITF Bulgaria F5, Men Singles 2023",2023
11698879,55267,"ITF Bulgaria F5, Men Singles 2023",2023
11698880,55267,"ITF Bulgaria F5, Men Singles 2023",2023
11698881,55267,"ITF Bulgaria F5, Men Singles 2023",2023
11698882,55267,"ITF Bulgaria F5, Men Singles 2023",2023
11698883,55267,"ITF Bulgaria F5, Men Singles 2023",2023
11698884,55267,"ITF Bulgaria F5, Men Singles 2023",2023
11698885,55267,"ITF Bulgaria F5, Men Singles 2023",2023
11698931,55249,"ITF Italy F27, Men Singles 2023",2023
11698932,55249,"ITF Italy F27, Men Singles 2023",2023
11698933,55249,"ITF Italy F27, Men Singles 2023",2023
11698934,55249,"ITF Italy F27, Men Singles 2023",2023
11698935,55249,"ITF Italy F27, Men Singles 2023",2023
11698936,55249,"ITF Italy F27, Men Singles 2023",2023
11698937,55249,"ITF Italy F27, Men Singles 2023",2023
11698938,55249,"ITF Italy F27, Men Singles 2023",2023
11698939,55249,"ITF Italy F27, Men Singles 2023",2023
11698940,55249,"ITF Italy F27, Men Singles 2023",2023
11698941,55249,"ITF Italy F27, Men Singles 2023",2023
11698942,55249,"ITF Italy F27, Men Singles 2023",2023
11698943,55249,"ITF Italy F27, Men Singles 2023",2023
11698944,55249,"ITF Italy F27, Men Singles 2023",2023
11698945,55249,"ITF Italy F27, Men Singles 2023",2023
11698946,55249,"ITF Italy F27, Men Singles 2023",2023
11698947,55261,"ITF Egypt 15A, Women Singles 2023",2023
11698949,55263,"ITF Egypt F16, Men Singles 2023",2023
11698950,55263,"ITF Egypt F16, Men Singles 2023",2023
11698951,55263,"ITF Egypt F16, Men Singles 2023",2023
11698952,55263,"ITF Egypt F16, Men Singles 2023",2023
11698953,55263,"ITF Egypt F16, Men Singles 2023",2023
11698954,55263,"ITF Egypt F16, Men Singles 2023",2023
11698955,55263,"ITF Egypt F16, Men Singles 2023",2023
11698956,55263,"ITF Egypt F16, Men Singles 2023",2023
11698957,55263,"ITF Egypt F16, Men Singles 2023",2023
11698958,55263,"ITF Egypt F16, Men Singles 2023",2023
11698959,55263,"ITF Egypt F16, Men Singles 2023",2023
11698960,55263,"ITF Egypt F16, Men Singles 2023",2023
11698961,55263,"ITF Egypt F16, Men Singles 2023",2023
11698962,55263,"ITF Egypt F16, Men Singles 2023",2023
11698963,55263,"ITF Egypt F16, Men Singles 2023",2023
11698964,55263,"ITF Egypt F16, Men Singles 2023",2023
11698965,55263,"ITF Egypt F16, Men Singles 2023",2023
11698966,55263,"ITF Egypt F16, Men Singles 2023",2023
11698967,55263,"ITF Egypt F16, Men Singles 2023",2023
11698968,55263,"ITF Egypt F16, Men Singles 2023",2023
11698969,55263,"ITF Egypt F16, Men Singles 2023",2023
11698970,55263,"ITF Egypt F16, Men Singles 2023",2023
11698971,55263,"ITF Egypt F16, Men Singles 2023",2023
11698972,55263,"ITF Egypt F16, Men Singles 2023",2023
11698973,55263,"ITF Egypt F16, Men Singles 2023",2023
11698974,55263,"ITF Egypt F16, Men Singles 2023",2023
11698975,55263,"ITF Egypt F16, Men Singles 2023",2023
11698976,55263,"ITF Egypt F16, Men Singles 2023",2023
11698977,55263,"ITF Egypt F16, Men Singles 2023",2023
11698978,55263,"ITF Egypt F16, Men Singles 2023",2023
11698979,55263,"ITF Egypt F16, Men Singles 2023",2023
11698980,55263,"ITF Egypt F16, Men Singles 2023",2023
11698984,55271,"ITF Austria 09A, Women Singles 2023",2023
11698985,55271,"ITF Austria 09A, Women Singles 2023",2023
11698986,55420,"ITF Austria F8, Men Singles 2023",2023
11698987,55420,"ITF Austria F8, Men Singles 2023",2023
11698988,55271,"ITF Austria 09A, Women Singles 2023",2023
11698989,55271,"ITF Austria 09A, Women Singles 2023",2023
11698990,55271,"ITF Austria 09A, Women Singles 2023",2023
11698991,55420,"ITF Austria F8, Men Singles 2023",2023
11698992,55420,"ITF Austria F8, Men Singles 2023",2023
11698993,55271,"ITF Austria 09A, Women Singles 2023",2023
11698994,55420,"ITF Austria F8, Men Singles 2023",2023
11698995,55420,"ITF Austria F8, Men Singles 2023",2023
11698996,55271,"ITF Austria 09A, Women Singles 2023",2023
11698997,55420,"ITF Austria F8, Men Singles 2023",2023
11698998,55420,"ITF Austria F8, Men Singles 2023",2023
11698999,55271,"ITF Austria 09A, Women Singles 2023",2023
11699000,55420,"ITF Austria F8, Men Singles 2023",2023
11699001,55420,"ITF Austria F8, Men Singles 2023",2023
11699002,55420,"ITF Austria F8, Men Singles 2023",2023
11699003,55420,"ITF Austria F8, Men Singles 2023",2023
11699004,55420,"ITF Austria F8, Men Singles 2023",2023
11699005,55271,"ITF Austria 09A, Women Singles 2023",2023
11699006,55420,"ITF Austria F8, Men Singles 2023",2023
11699007,55271,"ITF Austria 09A, Women Singles 2023",2023
11699008,55271,"ITF Austria 09A, Women Singles 2023",2023
11699009,55271,"ITF Austria 09A, Women Singles 2023",2023
11699010,55271,"ITF Austria 09A, Women Singles 2023",2023
11699011,55420,"ITF Austria F8, Men Singles 2023",2023
11699012,55271,"ITF Austria 09A, Women Singles 2023",2023
11699013,55271,"ITF Austria 09A, Women Singles 2023",2023
11699014,55271,"ITF Austria 09A, Women Singles 2023",2023
11699015,55420,"ITF Austria F8, Men Singles 2023",2023
11699035,53637,"ITF Croatia 04A, Women Singles 2023",2023
11699036,53637,"ITF Croatia 04A, Women Singles 2023",2023
11699037,53637,"ITF Croatia 04A, Women Singles 2023",2023
11699038,53637,"ITF Croatia 04A, Women Singles 2023",2023
11699039,53637,"ITF Croatia 04A, Women Singles 2023",2023
11699040,53637,"ITF Croatia 04A, Women Singles 2023",2023
11699041,53637,"ITF Croatia 04A, Women Singles 2023",2023
11699042,53637,"ITF Croatia 04A, Women Singles 2023",2023
11699043,53637,"ITF Croatia 04A, Women Singles 2023",2023
11699044,53637,"ITF Croatia 04A, Women Singles 2023",2023
11699045,53637,"ITF Croatia 04A, Women Singles 2023",2023
11699046,53637,"ITF Croatia 04A, Women Singles 2023",2023
11699047,53637,"ITF Croatia 04A, Women Singles 2023",2023
11699048,53637,"ITF Croatia 04A, Women Singles 2023",2023
11699049,53637,"ITF Croatia 04A, Women Singles 2023",2023
11699050,53637,"ITF Croatia 04A, Women Singles 2023",2023
11699051,53637,"ITF Croatia 04A, Women Singles 2023",2023
11699052,53637,"ITF Croatia 04A, Women Singles 2023",2023
11699053,53637,"ITF Croatia 04A, Women Singles 2023",2023
11699054,53637,"ITF Croatia 04A, Women Singles 2023",2023
11699055,53637,"ITF Croatia 04A, Women Singles 2023",2023
11699056,53637,"ITF Croatia 04A, Women Singles 2023",2023
11699057,53637,"ITF Croatia 04A, Women Singles 2023",2023
11699058,53637,"ITF Croatia 04A, Women Singles 2023",2023
11699059,53637,"ITF Croatia 04A, Women Singles 2023",2023
11699062,53766,"ATP Challenger Alicante, Spain Men Singles 2023",2023
11699063,53766,"ATP Challenger Alicante, Spain Men Singles 2023",2023
11699064,53766,"ATP Challenger Alicante, Spain Men Singles 2023",2023
11699065,53766,"ATP Challenger Alicante, Spain Men Singles 2023",2023
11699067,53766,"ATP Challenger Alicante, Spain Men Singles 2023",2023
11699068,53766,"ATP Challenger Alicante, Spain Men Singles 2023",2023
11699069,53766,"ATP Challenger Alicante, Spain Men Singles 2023",2023
11699070,53766,"ATP Challenger Alicante, Spain Men Singles 2023",2023
11699071,53766,"ATP Challenger Alicante, Spain Men Singles 2023",2023
11699072,53766,"ATP Challenger Alicante, Spain Men Singles 2023",2023
11699073,53766,"ATP Challenger Alicante, Spain Men Singles 2023",2023
11699074,53766,"ATP Challenger Alicante, Spain Men Singles 2023",2023
11699083,53766,"ATP Challenger Alicante, Spain Men Singles 2023",2023
11699084,53766,"ATP Challenger Alicante, Spain Men Singles 2023",2023
11699097,55131,"ITF Argentina 09A, Women Singles 2023",2023
11699098,55251,"ITF France F18, Men Singles 2023",2023
11699099,55251,"ITF France F18, Men Singles 2023",2023
11699100,55251,"ITF France F18, Men Singles 2023",2023
11699101,55251,"ITF France F18, Men Singles 2023",2023
11699102,55251,"ITF France F18, Men Singles 2023",2023
11699103,55251,"ITF France F18, Men Singles 2023",2023
11699104,55251,"ITF France F18, Men Singles 2023",2023
11699105,55251,"ITF France F18, Men Singles 2023",2023
11699106,55251,"ITF France F18, Men Singles 2023",2023
11699107,55251,"ITF France F18, Men Singles 2023",2023
11699108,55251,"ITF France F18, Men Singles 2023",2023
11699109,55251,"ITF France F18, Men Singles 2023",2023
11699110,55251,"ITF France F18, Men Singles 2023",2023
11699111,55251,"ITF France F18, Men Singles 2023",2023
11699112,55251,"ITF France F18, Men Singles 2023",2023
11699113,55251,"ITF France F18, Men Singles 2023",2023
11699125,55422,"ITF Spain F33, Men Singles 2023",2023
11699126,55422,"ITF Spain F33, Men Singles 2023",2023
11699127,55422,"ITF Spain F33, Men Singles 2023",2023
11699128,55422,"ITF Spain F33, Men Singles 2023",2023
11699129,55422,"ITF Spain F33, Men Singles 2023",2023
11699130,55422,"ITF Spain F33, Men Singles 2023",2023
11699131,55422,"ITF Spain F33, Men Singles 2023",2023
11699132,55422,"ITF Spain F33, Men Singles 2023",2023
11699133,55422,"ITF Spain F33, Men Singles 2023",2023
11699134,55422,"ITF Spain F33, Men Singles 2023",2023
11699135,55422,"ITF Spain F33, Men Singles 2023",2023
11699136,55422,"ITF Spain F33, Men Singles 2023",2023
11699137,55280,"ITF Spain 35A, Women Singles 2023",2023
11699138,55280,"ITF Spain 35A, Women Singles 2023",2023
11699139,55280,"ITF Spain 35A, Women Singles 2023",2023
11699140,55280,"ITF Spain 35A, Women Singles 2023",2023
11699141,55280,"ITF Spain 35A, Women Singles 2023",2023
11699142,55280,"ITF Spain 35A, Women Singles 2023",2023
11699143,55280,"ITF Spain 35A, Women Singles 2023",2023
11699144,55280,"ITF Spain 35A, Women Singles 2023",2023
11699145,55422,"ITF Spain F33, Men Singles 2023",2023
11699146,55280,"ITF Spain 35A, Women Singles 2023",2023
11699147,55280,"ITF Spain 35A, Women Singles 2023",2023
11699148,55422,"ITF Spain F33, Men Singles 2023",2023
11699149,55422,"ITF Spain F33, Men Singles 2023",2023
11699150,55422,"ITF Spain F33, Men Singles 2023",2023
11699151,55280,"ITF Spain 35A, Women Singles 2023",2023
11699153,55245,"ITF France 20A, Women Singles 2023",2023
11699154,55245,"ITF France 20A, Women Singles 2023",2023
11699155,55245,"ITF France 20A, Women Singles 2023",2023
11699156,55245,"ITF France 20A, Women Singles 2023",2023
11699157,55245,"ITF France 20A, Women Singles 2023",2023
11699158,55245,"ITF France 20A, Women Singles 2023",2023
11699159,55245,"ITF France 20A, Women Singles 2023",2023
11699160,55245,"ITF France 20A, Women Singles 2023",2023
11699161,55245,"ITF France 20A, Women Singles 2023",2023
11699162,55245,"ITF France 20A, Women Singles 2023",2023
11699163,55245,"ITF France 20A, Women Singles 2023",2023
11699164,55245,"ITF France 20A, Women Singles 2023",2023
11699165,55245,"ITF France 20A, Women Singles 2023",2023
11699166,55245,"ITF France 20A, Women Singles 2023",2023
11699167,55245,"ITF France 20A, Women Singles 2023",2023
11699168,55245,"ITF France 20A, Women Singles 2023",2023
11699173,55097,"ITF Argentina F7, Men Singles 2023",2023
11699185,55256,"ITF Portugal 13A, Women Singles 2023",2023
11699186,55256,"ITF Portugal 13A, Women Singles 2023",2023
11699187,55256,"ITF Portugal 13A, Women Singles 2023",2023
11699188,55256,"ITF Portugal 13A, Women Singles 2023",2023
11699189,55256,"ITF Portugal 13A, Women Singles 2023",2023
11699190,55256,"ITF Portugal 13A, Women Singles 2023",2023
11699191,55256,"ITF Portugal 13A, Women Singles 2023",2023
11699192,55256,"ITF Portugal 13A, Women Singles 2023",2023
11699193,55256,"ITF Portugal 13A, Women Singles 2023",2023
11699194,55256,"ITF Portugal 13A, Women Singles 2023",2023
11699195,55256,"ITF Portugal 13A, Women Singles 2023",2023
11699196,55256,"ITF Portugal 13A, Women Singles 2023",2023
11699197,55256,"ITF Portugal 13A, Women Singles 2023",2023
11699198,55256,"ITF Portugal 13A, Women Singles 2023",2023
11699199,55256,"ITF Portugal 13A, Women Singles 2023",2023
11699200,55256,"ITF Portugal 13A, Women Singles 2023",2023
11699221,53756,"ATP Challenger Lisbon, Portugal Men Singles 2023",2023
11699222,53756,"ATP Challenger Lisbon, Portugal Men Singles 2023",2023
11699223,55270,"ITF Tunisia F46, Men Singles 2023",2023
11699224,53756,"ATP Challenger Lisbon, Portugal Men Singles 2023",2023
11699225,55270,"ITF Tunisia F46, Men Singles 2023",2023
11699226,53756,"ATP Challenger Lisbon, Portugal Men Singles 2023",2023
11699227,53756,"ATP Challenger Lisbon, Portugal Men Singles 2023",2023
11699228,53756,"ATP Challenger Lisbon, Portugal Men Singles 2023",2023
11699229,55270,"ITF Tunisia F46, Men Singles 2023",2023
11699230,55270,"ITF Tunisia F46, Men Singles 2023",2023
11699231,53756,"ATP Challenger Lisbon, Portugal Men Singles 2023",2023
11699232,55265,"ITF Tunisia 42A, Women Singles 2023",2023
11699233,55270,"ITF Tunisia F46, Men Singles 2023",2023
11699234,55270,"ITF Tunisia F46, Men Singles 2023",2023
11699235,53756,"ATP Challenger Lisbon, Portugal Men Singles 2023",2023
11699236,53756,"ATP Challenger Lisbon, Portugal Men Singles 2023",2023
11699237,55270,"ITF Tunisia F46, Men Singles 2023",2023
11699238,55270,"ITF Tunisia F46, Men Singles 2023",2023
11699239,55270,"ITF Tunisia F46, Men Singles 2023",2023
11699240,55265,"ITF Tunisia 42A, Women Singles 2023",2023
11699241,53756,"ATP Challenger Lisbon, Portugal Men Singles 2023",2023
11699242,55265,"ITF Tunisia 42A, Women Singles 2023",2023
11699243,55270,"ITF Tunisia F46, Men Singles 2023",2023
11699244,55265,"ITF Tunisia 42A, Women Singles 2023",2023
11699245,55265,"ITF Tunisia 42A, Women Singles 2023",2023
11699246,55270,"ITF Tunisia F46, Men Singles 2023",2023
11699247,55265,"ITF Tunisia 42A, Women Singles 2023",2023
11699248,55270,"ITF Tunisia F46, Men Singles 2023",2023
11699249,55265,"ITF Tunisia 42A, Women Singles 2023",2023
11699250,55270,"ITF Tunisia F46, Men Singles 2023",2023
11699251,55270,"ITF Tunisia F46, Men Singles 2023",2023
11699252,55270,"ITF Tunisia F46, Men Singles 2023",2023
11699253,55265,"ITF Tunisia 42A, Women Singles 2023",2023
11699254,55265,"ITF Tunisia 42A, Women Singles 2023",2023
11699255,55265,"ITF Tunisia 42A, Women Singles 2023",2023
11699256,55270,"ITF Tunisia F46, Men Singles 2023",2023
11699257,55270,"ITF Tunisia F46, Men Singles 2023",2023
11699258,55270,"ITF Tunisia F46, Men Singles 2023",2023
11699259,55270,"ITF Tunisia F46, Men Singles 2023",2023
11699260,55270,"ITF Tunisia F46, Men Singles 2023",2023
11699261,55265,"ITF Tunisia 42A, Women Singles 2023",2023
11699262,55270,"ITF Tunisia F46, Men Singles 2023",2023
11699263,55270,"ITF Tunisia F46, Men Singles 2023",2023
11699264,55270,"ITF Tunisia F46, Men Singles 2023",2023
11699265,55270,"ITF Tunisia F46, Men Singles 2023",2023
11699266,55270,"ITF Tunisia F46, Men Singles 2023",2023
11699267,55265,"ITF Tunisia 42A, Women Singles 2023",2023
11699268,55265,"ITF Tunisia 42A, Women Singles 2023",2023
11699269,55270,"ITF Tunisia F46, Men Singles 2023",2023
11699270,53756,"ATP Challenger Lisbon, Portugal Men Singles 2023",2023
11699271,53756,"ATP Challenger Lisbon, Portugal Men Singles 2023",2023
11699272,55270,"ITF Tunisia F46, Men Singles 2023",2023
11699296,55120,"ITF USA 43A, Women Singles 2023",2023
11699334,53756,"ATP Challenger Lisbon, Portugal Men Singles 2023",2023
11699341,53754,"ATP Challenger Mouilleron-Le-Captif, France Men Singles 2023",2023
11699342,53754,"ATP Challenger Mouilleron-Le-Captif, France Men Singles 2023",2023
11699343,53754,"ATP Challenger Mouilleron-Le-Captif, France Men Singles 2023",2023
11699344,53754,"ATP Challenger Mouilleron-Le-Captif, France Men Singles 2023",2023
11699345,53754,"ATP Challenger Mouilleron-Le-Captif, France Men Singles 2023",2023
11699346,53754,"ATP Challenger Mouilleron-Le-Captif, France Men Singles 2023",2023
11699347,53754,"ATP Challenger Mouilleron-Le-Captif, France Men Singles 2023",2023
11699348,53754,"ATP Challenger Mouilleron-Le-Captif, France Men Singles 2023",2023
11699349,53754,"ATP Challenger Mouilleron-Le-Captif, France Men Singles 2023",2023
11699350,53754,"ATP Challenger Mouilleron-Le-Captif, France Men Singles 2023",2023
11699351,53754,"ATP Challenger Mouilleron-Le-Captif, France Men Singles 2023",2023
11699352,53754,"ATP Challenger Mouilleron-Le-Captif, France Men Singles 2023",2023
11699361,55103,"ITF USA F35, Men Singles 2023",2023
11699386,55116,"ITF USA 42A, Women Singles 2023",2023
11699387,53752,"ATP Challenger Campinas, Brazil Men Singles 2023",2023
11699388,53752,"ATP Challenger Campinas, Brazil Men Singles 2023",2023
11699389,53752,"ATP Challenger Campinas, Brazil Men Singles 2023",2023
11699390,53752,"ATP Challenger Campinas, Brazil Men Singles 2023",2023
11699391,53752,"ATP Challenger Campinas, Brazil Men Singles 2023",2023
11699392,53752,"ATP Challenger Campinas, Brazil Men Singles 2023",2023
11699393,53752,"ATP Challenger Campinas, Brazil Men Singles 2023",2023
11699394,53752,"ATP Challenger Campinas, Brazil Men Singles 2023",2023
11699395,53752,"ATP Challenger Campinas, Brazil Men Singles 2023",2023
11699396,53752,"ATP Challenger Campinas, Brazil Men Singles 2023",2023
11699397,53752,"ATP Challenger Campinas, Brazil Men Singles 2023",2023
11699398,53752,"ATP Challenger Campinas, Brazil Men Singles 2023",2023
11699416,55282,"ITF Argentina 10A, Women Singles 2023",2023
11699417,55282,"ITF Argentina 10A, Women Singles 2023",2023
11699418,55257,"ITF Argentina F8, Men Singles 2023",2023
11699419,55257,"ITF Argentina F8, Men Singles 2023",2023
11699420,55282,"ITF Argentina 10A, Women Singles 2023",2023
11699421,55257,"ITF Argentina F8, Men Singles 2023",2023
11699422,55282,"ITF Argentina 10A, Women Singles 2023",2023
11699423,55257,"ITF Argentina F8, Men Singles 2023",2023
11699424,55282,"ITF Argentina 10A, Women Singles 2023",2023
11699425,55257,"ITF Argentina F8, Men Singles 2023",2023
11699426,55282,"ITF Argentina 10A, Women Singles 2023",2023
11699427,55257,"ITF Argentina F8, Men Singles 2023",2023
11699428,55257,"ITF Argentina F8, Men Singles 2023",2023
11699429,55257,"ITF Argentina F8, Men Singles 2023",2023
11699430,55257,"ITF Argentina F8, Men Singles 2023",2023
11699431,55282,"ITF Argentina 10A, Women Singles 2023",2023
11699432,55257,"ITF Argentina F8, Men Singles 2023",2023
11699433,55257,"ITF Argentina F8, Men Singles 2023",2023
11699434,55257,"ITF Argentina F8, Men Singles 2023",2023
11699435,55257,"ITF Argentina F8, Men Singles 2023",2023
11699436,55257,"ITF Argentina F8, Men Singles 2023",2023
11699437,55257,"ITF Argentina F8, Men Singles 2023",2023
11699438,55257,"ITF Argentina F8, Men Singles 2023",2023
11699439,55257,"ITF Argentina F8, Men Singles 2023",2023
11699440,55257,"ITF Argentina F8, Men Singles 2023",2023
11699441,55257,"ITF Argentina F8, Men Singles 2023",2023
11699442,55282,"ITF Argentina 10A, Women Singles 2023",2023
11699443,55257,"ITF Argentina F8, Men Singles 2023",2023
11699444,55282,"ITF Argentina 10A, Women Singles 2023",2023
11699445,55282,"ITF Argentina 10A, Women Singles 2023",2023
11699446,55282,"ITF Argentina 10A, Women Singles 2023",2023
11699447,55282,"ITF Argentina 10A, Women Singles 2023",2023
11699448,55257,"ITF Argentina F8, Men Singles 2023",2023
11699449,55282,"ITF Argentina 10A, Women Singles 2023",2023
11699450,55282,"ITF Argentina 10A, Women Singles 2023",2023
11699451,55257,"ITF Argentina F8, Men Singles 2023",2023
11699452,55257,"ITF Argentina F8, Men Singles 2023",2023
11699453,55257,"ITF Argentina F8, Men Singles 2023",2023
11699454,55257,"ITF Argentina F8, Men Singles 2023",2023
11699455,55257,"ITF Argentina F8, Men Singles 2023",2023
11699456,55282,"ITF Argentina 10A, Women Singles 2023",2023
11699457,55257,"ITF Argentina F8, Men Singles 2023",2023
11699458,55257,"ITF Argentina F8, Men Singles 2023",2023
11699459,55257,"ITF Argentina F8, Men Singles 2023",2023
11699460,55257,"ITF Argentina F8, Men Singles 2023",2023
11699461,55282,"ITF Argentina 10A, Women Singles 2023",2023
11699462,55282,"ITF Argentina 10A, Women Singles 2023",2023
11699463,55282,"ITF Argentina 10A, Women Singles 2023",2023
11699464,55257,"ITF Argentina F8, Men Singles 2023",2023
11699465,55282,"ITF Argentina 10A, Women Singles 2023",2023
11699466,55257,"ITF Argentina F8, Men Singles 2023",2023
11699809,53750,"ATP Challenger Tiburon, USA Men Singles 2023",2023
11699812,53750,"ATP Challenger Tiburon, USA Men Singles 2023",2023
11699813,53750,"ATP Challenger Tiburon, USA Men Singles 2023",2023
11699814,53750,"ATP Challenger Tiburon, USA Men Singles 2023",2023
11699815,53750,"ATP Challenger Tiburon, USA Men Singles 2023",2023
11699816,53750,"ATP Challenger Tiburon, USA Men Singles 2023",2023
11699817,53750,"ATP Challenger Tiburon, USA Men Singles 2023",2023
11699818,53750,"ATP Challenger Tiburon, USA Men Singles 2023",2023
11699819,53750,"ATP Challenger Tiburon, USA Men Singles 2023",2023
11699820,53750,"ATP Challenger Tiburon, USA Men Singles 2023",2023
11699821,53750,"ATP Challenger Tiburon, USA Men Singles 2023",2023
11699822,53750,"ATP Challenger Tiburon, USA Men Singles 2023",2023
11700010,55253,"ITF Australia 12A, Women Singles 2023",2023
11700011,55253,"ITF Australia 12A, Women Singles 2023",2023
11700012,55253,"ITF Australia 12A, Women Singles 2023",2023
11700013,55253,"ITF Australia 12A, Women Singles 2023",2023
11700014,55274,"ITF Australia F10, Men Singles 2023",2023
11700015,55253,"ITF Australia 12A, Women Singles 2023",2023
11700016,55274,"ITF Australia F10, Men Singles 2023",2023
11700017,55274,"ITF Australia F10, Men Singles 2023",2023
11700018,55274,"ITF Australia F10, Men Singles 2023",2023
11700019,55253,"ITF Australia 12A, Women Singles 2023",2023
11700020,55253,"ITF Australia 12A, Women Singles 2023",2023
11700021,55274,"ITF Australia F10, Men Singles 2023",2023
11700022,55274,"ITF Australia F10, Men Singles 2023",2023
11700023,55274,"ITF Australia F10, Men Singles 2023",2023
11700024,55274,"ITF Australia F10, Men Singles 2023",2023
11700025,55274,"ITF Australia F10, Men Singles 2023",2023
11700026,55274,"ITF Australia F10, Men Singles 2023",2023
11700027,55253,"ITF Australia 12A, Women Singles 2023",2023
11700028,55274,"ITF Australia F10, Men Singles 2023",2023
11700029,55253,"ITF Australia 12A, Women Singles 2023",2023
11700030,55253,"ITF Australia 12A, Women Singles 2023",2023
11700031,55253,"ITF Australia 12A, Women Singles 2023",2023
11700032,55274,"ITF Australia F10, Men Singles 2023",2023
11700033,55253,"ITF Australia 12A, Women Singles 2023",2023
11700034,55274,"ITF Australia F10, Men Singles 2023",2023
11700035,55253,"ITF Australia 12A, Women Singles 2023",2023
11700036,55253,"ITF Australia 12A, Women Singles 2023",2023
11700037,55253,"ITF Australia 12A, Women Singles 2023",2023
11700038,55274,"ITF Australia F10, Men Singles 2023",2023
11700039,55253,"ITF Australia 12A, Women Singles 2023",2023
11700040,55274,"ITF Australia F10, Men Singles 2023",2023
11700041,55274,"ITF Australia F10, Men Singles 2023",2023
11700066,55267,"ITF Bulgaria F5, Men Singles 2023",2023
11701137,55261,"ITF Egypt 15A, Women Singles 2023",2023
11701138,55261,"ITF Egypt 15A, Women Singles 2023",2023
11701139,55261,"ITF Egypt 15A, Women Singles 2023",2023
11701140,55261,"ITF Egypt 15A, Women Singles 2023",2023
11701141,55261,"ITF Egypt 15A, Women Singles 2023",2023
11701142,55261,"ITF Egypt 15A, Women Singles 2023",2023
11701143,55261,"ITF Egypt 15A, Women Singles 2023",2023
11701144,55261,"ITF Egypt 15A, Women Singles 2023",2023
11701145,55261,"ITF Egypt 15A, Women Singles 2023",2023
11701146,55261,"ITF Egypt 15A, Women Singles 2023",2023
11701147,55261,"ITF Egypt 15A, Women Singles 2023",2023
11701148,55261,"ITF Egypt 15A, Women Singles 2023",2023
11701149,55261,"ITF Egypt 15A, Women Singles 2023",2023
11701150,55261,"ITF Egypt 15A, Women Singles 2023",2023
11701151,55261,"ITF Egypt 15A, Women Singles 2023",2023
11701152,55261,"ITF Egypt 15A, Women Singles 2023",2023
11701154,55267,"ITF Bulgaria F5, Men Singles 2023",2023
11701155,53766,"ATP Challenger Alicante, Spain Men Singles 2023",2023
11701233,55271,"ITF Austria 09A, Women Singles 2023",2023
11701265,55428,"ITF Japan 21A, Women Singles 2023",2023
11701266,55428,"ITF Japan 21A, Women Singles 2023",2023
11701267,55428,"ITF Japan 21A, Women Singles 2023",2023
11701268,55428,"ITF Japan 21A, Women Singles 2023",2023
11701269,55428,"ITF Japan 21A, Women Singles 2023",2023
11701270,55428,"ITF Japan 21A, Women Singles 2023",2023
11701271,55428,"ITF Japan 21A, Women Singles 2023",2023
11701272,55428,"ITF Japan 21A, Women Singles 2023",2023
11701273,55428,"ITF Japan 21A, Women Singles 2023",2023
11701274,55428,"ITF Japan 21A, Women Singles 2023",2023
11701275,55428,"ITF Japan 21A, Women Singles 2023",2023
11701276,55428,"ITF Japan 21A, Women Singles 2023",2023
11701277,55428,"ITF Japan 21A, Women Singles 2023",2023
11701278,55428,"ITF Japan 21A, Women Singles 2023",2023
11701279,55428,"ITF Japan 21A, Women Singles 2023",2023
11701280,55428,"ITF Japan 21A, Women Singles 2023",2023
11701281,55263,"ITF Egypt F16, Men Singles 2023",2023
11701298,53766,"ATP Challenger Alicante, Spain Men Singles 2023",2023
11701327,50109,"ATP Shanghai, China Men Singles 2023",2023
11701328,50109,"ATP Shanghai, China Men Singles 2023",2023
11701329,53754,"ATP Challenger Mouilleron-Le-Captif, France Men Singles 2023",2023
11701330,50109,"ATP Shanghai, China Men Singles 2023",2023
11701331,50109,"ATP Shanghai, China Men Singles 2023",2023
11701333,50109,"ATP Shanghai, China Men Singles 2023",2023
11701334,50109,"ATP Shanghai, China Men Singles 2023",2023
11701335,50109,"ATP Shanghai, China Men Singles 2023",2023
11701336,50109,"ATP Shanghai, China Men Singles 2023",2023
11701337,50109,"ATP Shanghai, China Men Singles 2023",2023
11701338,50109,"ATP Shanghai, China Men Singles 2023",2023
11701339,50109,"ATP Shanghai, China Men Singles 2023",2023
11701340,50109,"ATP Shanghai, China Men Singles 2023",2023
11701341,50109,"ATP Shanghai, China Men Singles 2023",2023
11701342,50109,"ATP Shanghai, China Men Singles 2023",2023
11701343,50109,"ATP Shanghai, China Men Singles 2023",2023
11701344,50109,"ATP Shanghai, China Men Singles 2023",2023
11701345,50109,"ATP Shanghai, China Men Singles 2023",2023
11701346,50109,"ATP Shanghai, China Men Singles 2023",2023
11701347,50109,"ATP Shanghai, China Men Singles 2023",2023
11701348,50109,"ATP Shanghai, China Men Singles 2023",2023
11701349,50109,"ATP Shanghai, China Men Singles 2023",2023
11701350,50109,"ATP Shanghai, China Men Singles 2023",2023
11701351,50109,"ATP Shanghai, China Men Singles 2023",2023
11701352,50109,"ATP Shanghai, China Men Singles 2023",2023
11701385,55257,"ITF Argentina F8, Men Singles 2023",2023
11701386,53754,"ATP Challenger Mouilleron-Le-Captif, France Men Singles 2023",2023
11701444,53766,"ATP Challenger Alicante, Spain Men Singles 2023",2023
11701471,53756,"ATP Challenger Lisbon, Portugal Men Singles 2023",2023
11701472,53756,"ATP Challenger Lisbon, Portugal Men Singles 2023",2023
11701473,53756,"ATP Challenger Lisbon, Portugal Men Singles 2023",2023
11701486,53637,"ITF Croatia 04A, Women Singles 2023",2023
11701487,53637,"ITF Croatia 04A, Women Singles 2023",2023
11701490,53637,"ITF Croatia 04A, Women Singles 2023",2023
11701491,53637,"ITF Croatia 04A, Women Singles 2023",2023
11701492,53637,"ITF Croatia 04A, Women Singles 2023",2023
11701493,53637,"ITF Croatia 04A, Women Singles 2023",2023
11701494,53637,"ITF Croatia 04A, Women Singles 2023",2023
11701495,53637,"ITF Croatia 04A, Women Singles 2023",2023
11701496,53637,"ITF Croatia 04A, Women Singles 2023",2023
11701497,53637,"ITF Croatia 04A, Women Singles 2023",2023
11701499,53637,"ITF Croatia 04A, Women Singles 2023",2023
11701509,53766,"ATP Challenger Alicante, Spain Men Singles 2023",2023
11701521,55267,"ITF Bulgaria F5, Men Singles 2023",2023
11701522,55267,"ITF Bulgaria F5, Men Singles 2023",2023
11701523,55267,"ITF Bulgaria F5, Men Singles 2023",2023
11701524,55267,"ITF Bulgaria F5, Men Singles 2023",2023
11701525,55267,"ITF Bulgaria F5, Men Singles 2023",2023
11701526,55267,"ITF Bulgaria F5, Men Singles 2023",2023
11701527,55267,"ITF Bulgaria F5, Men Singles 2023",2023
11701528,55267,"ITF Bulgaria F5, Men Singles 2023",2023
11701529,55267,"ITF Bulgaria F5, Men Singles 2023",2023
11701530,55267,"ITF Bulgaria F5, Men Singles 2023",2023
11701531,55267,"ITF Bulgaria F5, Men Singles 2023",2023
11701532,55267,"ITF Bulgaria F5, Men Singles 2023",2023
11701533,55267,"ITF Bulgaria F5, Men Singles 2023",2023
11701534,53754,"ATP Challenger Mouilleron-Le-Captif, France Men Singles 2023",2023
11701535,53766,"ATP Challenger Alicante, Spain Men Singles 2023",2023
11701536,55245,"ITF France 20A, Women Singles 2023",2023
11701537,55245,"ITF France 20A, Women Singles 2023",2023
11701538,55245,"ITF France 20A, Women Singles 2023",2023
11701539,55245,"ITF France 20A, Women Singles 2023",2023
11701540,55245,"ITF France 20A, Women Singles 2023",2023
11701541,55245,"ITF France 20A, Women Singles 2023",2023
11701542,55245,"ITF France 20A, Women Singles 2023",2023
11701543,55245,"ITF France 20A, Women Singles 2023",2023
11701544,55245,"ITF France 20A, Women Singles 2023",2023
11701555,55280,"ITF Spain 35A, Women Singles 2023",2023
11701556,55280,"ITF Spain 35A, Women Singles 2023",2023
11701557,55280,"ITF Spain 35A, Women Singles 2023",2023
11701558,55280,"ITF Spain 35A, Women Singles 2023",2023
11701559,55280,"ITF Spain 35A, Women Singles 2023",2023
11701561,53756,"ATP Challenger Lisbon, Portugal Men Singles 2023",2023
11701562,53637,"ITF Croatia 04A, Women Singles 2023",2023
11701563,53637,"ITF Croatia 04A, Women Singles 2023",2023
11701565,55245,"ITF France 20A, Women Singles 2023",2023
11701605,53754,"ATP Challenger Mouilleron-Le-Captif, France Men Singles 2023",2023
11701606,55249,"ITF Italy F27, Men Singles 2023",2023
11701607,55249,"ITF Italy F27, Men Singles 2023",2023
11701608,55249,"ITF Italy F27, Men Singles 2023",2023
11701609,55249,"ITF Italy F27, Men Singles 2023",2023
11701610,55249,"ITF Italy F27, Men Singles 2023",2023
11701611,55249,"ITF Italy F27, Men Singles 2023",2023
11701612,55249,"ITF Italy F27, Men Singles 2023",2023
11701613,55249,"ITF Italy F27, Men Singles 2023",2023
11701614,55249,"ITF Italy F27, Men Singles 2023",2023
11701615,55249,"ITF Italy F27, Men Singles 2023",2023
11701616,55249,"ITF Italy F27, Men Singles 2023",2023
11701617,55249,"ITF Italy F27, Men Singles 2023",2023
11701626,55245,"ITF France 20A, Women Singles 2023",2023
11701627,55245,"ITF France 20A, Women Singles 2023",2023
11701631,55251,"ITF France F18, Men Singles 2023",2023
11701632,55251,"ITF France F18, Men Singles 2023",2023
11701633,55251,"ITF France F18, Men Singles 2023",2023
11701634,55251,"ITF France F18, Men Singles 2023",2023
11701635,55251,"ITF France F18, Men Singles 2023",2023
11701640,53756,"ATP Challenger Lisbon, Portugal Men Singles 2023",2023
11701643,55247,"ITF Qatar F3, Men Singles 2023",2023
11701645,55247,"ITF Qatar F3, Men Singles 2023",2023
11701646,55247,"ITF Qatar F3, Men Singles 2023",2023
11701648,55247,"ITF Qatar F3, Men Singles 2023",2023
11701651,55247,"ITF Qatar F3, Men Singles 2023",2023
11701653,55247,"ITF Qatar F3, Men Singles 2023",2023
11701655,55247,"ITF Qatar F3, Men Singles 2023",2023
11701656,55247,"ITF Qatar F3, Men Singles 2023",2023
11701661,55280,"ITF Spain 35A, Women Singles 2023",2023
11701662,55280,"ITF Spain 35A, Women Singles 2023",2023
11701666,53766,"ATP Challenger Alicante, Spain Men Singles 2023",2023
11701667,55257,"ITF Argentina F8, Men Singles 2023",2023
11701668,53752,"ATP Challenger Campinas, Brazil Men Singles 2023",2023
11701680,55292,"ITF Italy 22A, Women Singles 2023",2023
11701681,55292,"ITF Italy 22A, Women Singles 2023",2023
11701682,55292,"ITF Italy 22A, Women Singles 2023",2023
11701683,55292,"ITF Italy 22A, Women Singles 2023",2023
11701684,55292,"ITF Italy 22A, Women Singles 2023",2023
11701689,53766,"ATP Challenger Alicante, Spain Men Singles 2023",2023
11701697,55256,"ITF Portugal 13A, Women Singles 2023",2023
11701698,55256,"ITF Portugal 13A, Women Singles 2023",2023
11701699,55256,"ITF Portugal 13A, Women Singles 2023",2023
11701700,55256,"ITF Portugal 13A, Women Singles 2023",2023
11701701,55256,"ITF Portugal 13A, Women Singles 2023",2023
11701702,55420,"ITF Austria F8, Men Singles 2023",2023
11701703,55420,"ITF Austria F8, Men Singles 2023",2023
11701704,55271,"ITF Austria 09A, Women Singles 2023",2023
11701705,55271,"ITF Austria 09A, Women Singles 2023",2023
11701706,55420,"ITF Austria F8, Men Singles 2023",2023
11701707,55271,"ITF Austria 09A, Women Singles 2023",2023
11701708,55271,"ITF Austria 09A, Women Singles 2023",2023
11701709,55420,"ITF Austria F8, Men Singles 2023",2023
11701710,55420,"ITF Austria F8, Men Singles 2023",2023
11701711,55271,"ITF Austria 09A, Women Singles 2023",2023
11701712,55420,"ITF Austria F8, Men Singles 2023",2023
11701713,55271,"ITF Austria 09A, Women Singles 2023",2023
11701714,55420,"ITF Austria F8, Men Singles 2023",2023
11701715,55271,"ITF Austria 09A, Women Singles 2023",2023
11701716,55420,"ITF Austria F8, Men Singles 2023",2023
11701717,55265,"ITF Tunisia 42A, Women Singles 2023",2023
11701718,55265,"ITF Tunisia 42A, Women Singles 2023",2023
11701719,55265,"ITF Tunisia 42A, Women Singles 2023",2023
11701720,55270,"ITF Tunisia F46, Men Singles 2023",2023
11701721,55270,"ITF Tunisia F46, Men Singles 2023",2023
11701722,55270,"ITF Tunisia F46, Men Singles 2023",2023
11701723,55265,"ITF Tunisia 42A, Women Singles 2023",2023
11701724,55270,"ITF Tunisia F46, Men Singles 2023",2023
11701725,55265,"ITF Tunisia 42A, Women Singles 2023",2023
11701726,55265,"ITF Tunisia 42A, Women Singles 2023",2023
11701727,55265,"ITF Tunisia 42A, Women Singles 2023",2023
11701728,55265,"ITF Tunisia 42A, Women Singles 2023",2023
11701729,55265,"ITF Tunisia 42A, Women Singles 2023",2023
11701730,55265,"ITF Tunisia 42A, Women Singles 2023",2023
11701731,55270,"ITF Tunisia F46, Men Singles 2023",2023
11701732,55265,"ITF Tunisia 42A, Women Singles 2023",2023
11701733,55270,"ITF Tunisia F46, Men Singles 2023",2023
11701734,55265,"ITF Tunisia 42A, Women Singles 2023",2023
11701735,55270,"ITF Tunisia F46, Men Singles 2023",2023
11701736,55270,"ITF Tunisia F46, Men Singles 2023",2023
11701737,55270,"ITF Tunisia F46, Men Singles 2023",2023
11701738,55265,"ITF Tunisia 42A, Women Singles 2023",2023
11701739,55270,"ITF Tunisia F46, Men Singles 2023",2023
11701740,55270,"ITF Tunisia F46, Men Singles 2023",2023
11701741,55270,"ITF Tunisia F46, Men Singles 2023",2023
11701742,55270,"ITF Tunisia F46, Men Singles 2023",2023
11701743,55270,"ITF Tunisia F46, Men Singles 2023",2023
11701744,55265,"ITF Tunisia 42A, Women Singles 2023",2023
11701745,55265,"ITF Tunisia 42A, Women Singles 2023",2023
11701746,55265,"ITF Tunisia 42A, Women Singles 2023",2023
11701747,55270,"ITF Tunisia F46, Men Singles 2023",2023
11701748,55270,"ITF Tunisia F46, Men Singles 2023",2023
11701749,53752,"ATP Challenger Campinas, Brazil Men Singles 2023",2023
11701752,53752,"ATP Challenger Campinas, Brazil Men Singles 2023",2023
11701761,53750,"ATP Challenger Tiburon, USA Men Singles 2023",2023
11701779,55245,"ITF France 20A, Women Singles 2023",2023
11701780,55422,"ITF Spain F33, Men Singles 2023",2023
11701781,55422,"ITF Spain F33, Men Singles 2023",2023
11701782,55245,"ITF France 20A, Women Singles 2023",2023
11701783,55422,"ITF Spain F33, Men Singles 2023",2023
11701784,55422,"ITF Spain F33, Men Singles 2023",2023
11701785,55245,"ITF France 20A, Women Singles 2023",2023
11701786,55422,"ITF Spain F33, Men Singles 2023",2023
11701787,55422,"ITF Spain F33, Men Singles 2023",2023
11701788,55245,"ITF France 20A, Women Singles 2023",2023
11701839,53756,"ATP Challenger Lisbon, Portugal Men Singles 2023",2023
11701840,53754,"ATP Challenger Mouilleron-Le-Captif, France Men Singles 2023",2023
11701841,55256,"ITF Portugal 13A, Women Singles 2023",2023
11701842,55256,"ITF Portugal 13A, Women Singles 2023",2023
11701843,55256,"ITF Portugal 13A, Women Singles 2023",2023
11701877,55251,"ITF France F18, Men Singles 2023",2023
11701917,55263,"ITF Egypt F16, Men Singles 2023",2023
11701918,55263,"ITF Egypt F16, Men Singles 2023",2023
11701919,55263,"ITF Egypt F16, Men Singles 2023",2023
11701920,55263,"ITF Egypt F16, Men Singles 2023",2023
11701921,55263,"ITF Egypt F16, Men Singles 2023",2023
11701922,55263,"ITF Egypt F16, Men Singles 2023",2023
11701923,55263,"ITF Egypt F16, Men Singles 2023",2023
11701924,55422,"ITF Spain F33, Men Singles 2023",2023
11701925,55263,"ITF Egypt F16, Men Singles 2023",2023
11701926,55263,"ITF Egypt F16, Men Singles 2023",2023
11701927,55263,"ITF Egypt F16, Men Singles 2023",2023
11701928,55263,"ITF Egypt F16, Men Singles 2023",2023
11701929,55263,"ITF Egypt F16, Men Singles 2023",2023
11701930,55263,"ITF Egypt F16, Men Singles 2023",2023
11701931,55263,"ITF Egypt F16, Men Singles 2023",2023
11701932,55263,"ITF Egypt F16, Men Singles 2023",2023
11701933,55422,"ITF Spain F33, Men Singles 2023",2023
11701934,55263,"ITF Egypt F16, Men Singles 2023",2023
11702042,53754,"ATP Challenger Mouilleron-Le-Captif, France Men Singles 2023",2023
11702214,55257,"ITF Argentina F8, Men Singles 2023",2023
11702216,55257,"ITF Argentina F8, Men Singles 2023",2023
11702217,55257,"ITF Argentina F8, Men Singles 2023",2023
11702218,55257,"ITF Argentina F8, Men Singles 2023",2023
11702220,55257,"ITF Argentina F8, Men Singles 2023",2023
11702221,55257,"ITF Argentina F8, Men Singles 2023",2023
11702222,55257,"ITF Argentina F8, Men Singles 2023",2023
11702224,55257,"ITF Argentina F8, Men Singles 2023",2023
11702225,55257,"ITF Argentina F8, Men Singles 2023",2023
11702230,55257,"ITF Argentina F8, Men Singles 2023",2023
11702232,55257,"ITF Argentina F8, Men Singles 2023",2023
11702238,55257,"ITF Argentina F8, Men Singles 2023",2023
11702241,55257,"ITF Argentina F8, Men Singles 2023",2023
11702242,55257,"ITF Argentina F8, Men Singles 2023",2023
11702243,55257,"ITF Argentina F8, Men Singles 2023",2023
11702244,55257,"ITF Argentina F8, Men Singles 2023",2023
11702248,55278,"ITF USA 53A, Women Singles 2023",2023
11703221,55267,"ITF Bulgaria F5, Men Singles 2023",2023
11703236,55271,"ITF Austria 09A, Women Singles 2023",2023
11703242,55267,"ITF Bulgaria F5, Men Singles 2023",2023
11703331,55267,"ITF Bulgaria F5, Men Singles 2023",2023
11703442,55270,"ITF Tunisia F46, Men Singles 2023",2023
11703443,55270,"ITF Tunisia F46, Men Singles 2023",2023
11703444,55270,"ITF Tunisia F46, Men Singles 2023",2023
11703445,55270,"ITF Tunisia F46, Men Singles 2023",2023
11703470,55245,"ITF France 20A, Women Singles 2023",2023
11703524,55270,"ITF Tunisia F46, Men Singles 2023",2023
11703525,55267,"ITF Bulgaria F5, Men Singles 2023",2023
